"SMILES","Binary Activity","STANDARD_VALUE","STANDARD_TYPE"
"Brc1c(NC2=NCCN2)ccc2nccnc12",1,70.69626666666667,"Ki, EC50, Ki, EC50, IC50, Ki"
"Brc1c(NC2=NCCO2)ccc2nccnc12",0,26302.68,"Ki"
"Brc1c(NC2=NCCS2)ccc2nccnc12",1,6493.58,"Ki, EC50"
"Brc1c(NC2=N[C@@H]3CCCC[C@@H]3N2)ccc2nccnc12",0,14791.08,"Ki"
"Brc1c(Nc2ncc[nH]2)ccc2nccnc12",1,510.0,"Ki"
"Brc1ccc(Oc2ccccc2)cc1",0,,
"Brc1ccccc1Nc1ncc[nH]1",1,210.0,"Ki"
"Brc1ccccc1OCC1=NCCN1",1,95.5,"Ki"
"C#CC(C)(C)NC(=O)c1cc(Cl)cc(Cl)c1",0,,
"C#CC(O)C(CC)CCCC",0,,
"C#CCN(C)[C@H](C)Cc1ccccc1",1,1236.0,"IC50, Ki"
"C#CCOC(=O)[C@@H](C)Oc1ccc(Oc2ncc(Cl)cc2F)cc1",0,,
"C#CCOS(=O)OC1CCCCC1Oc1ccc(C(C)(C)C)cc1",0,,
"C#C[C@]1(O)CC[C@H]2[C@@H]3CCC4=CC(=O)CC[C@@H]4[C@H]3CC[C@@]21C",0,,
"C#C[C@]1(O)CC[C@H]2[C@@H]3CCC4=Cc5oncc5C[C@]4(C)[C@H]3CC[C@@]21C",0,12600.5,"Ki, IC50"
"C(=C/c1ccccc1)\CN1CCN(CC2ON=C3c4ccccc4OCC32)CC1",1,0.9,"Ki"
"C(=C/c1ccccc1)\CN1CCN(C[C@@H]2ON=C3c4ccccc4NC[C@H]32)CC1",1,20.0,"Ki"
"C(=C/c1ccccc1)\CN1CCN(C[C@@H]2ON=C3c4ccccc4OC[C@H]32)CC1",1,0.9,"Ki"
"C(=C/c1ccccc1)\C[C@H]1C2CCC(C2)[C@H]1NC1=NCCO1",1,43.32,"EC50, Ki"
"C/C(=C\c1ccccc1)CN1CCN(C[C@@H]2ON=C3c4ccc(OC(=O)C(C)(C)C)cc4OC[C@H]32)CC1",1,4.7,"Ki"
"C/C(=C\c1ccccc1)CN1CCN(C[C@@H]2ON=C3c4ccc(OC(=O)C5CC5)cc4OC[C@H]32)CC1",1,0.9,"Ki"
"C/C(=C\c1ccccc1)CN1CCN(C[C@@H]2ON=C3c4ccc(OC(=O)c5ccncc5)cc4OC[C@H]32)CC1",1,1.0,"Ki"
"C/C(=C\c1ccccc1)CN1CCN(C[C@@H]2ON=C3c4ccc(OCCN(C)C)cc4OC[C@H]32)CC1",1,0.1,"Ki"
"C/C(=N\C#N)N(C)Cc1ccc(Cl)nc1",0,,
"C/C=C/C=C/C(=O)O",0,,
"C1=C(c2c[nH]cn2)c2sccc2CC1",1,224.0,"Ki"
"C1=CCCC=CCCC=CCC1",0,,
"C1=C[C@@H]2C(=NO[C@H]2CN2CCN(C/C=C/c3ccccc3)CC2)c2ccccc21",1,43.0,"Ki"
"C1=Cc2cccc3cccc1c23",0,,
"C1=NCC(CC2Cc3ccccc3C2)N1",1,3.981,"Ki"
"C1=NCC(Cc2cc3ccccc3o2)N1",1,19.95,"Ki"
"C1=NCC2(CCc3ccccc3C2)N1",1,34.0,"Ki"
"C1=NC[C@H](C[C@]23CCc4ccccc4C2C3)N1",1,63.1,"Ki"
"C1=NC[C@]2(CC[C@@H]3Cc4ccccc4C[C@H]3C2)N1",1,1.259,"Ki"
"C1CCC(SSC2CCCCC2)CC1",0,,
"C1CNCCN1",0,,
"C1COC(NC(C2CC2)C2CC2)=N1",1,194.306,"EC50, Ki, Ki, EC50, Ki"
"C1N2CN3CN1CN(C2)C3",0,,
"C=C(C)C(=O)OCCC(F)(F)C(F)(F)C(F)(F)C(F)(F)C(F)(F)C(F)(F)F",0,,
"C=C(C)C(=O)O[Sn](CCCC)(CCCC)CCCC",1,,
"C=C(C)C(N)=O",0,,
"C=C(C)CN(CC)c1c([N+](=O)[O-])cc(C(F)(F)F)cc1[N+](=O)[O-]",0,,
"C=C(C)[C@H]1Cc2c(ccc3c2O[C@@H]2COc4cc(OC)c(OC)cc4[C@@H]2C3=O)O1",0,,
"C=C(C)c1ccccc1OC(C)C1=NCCN1",1,72.44,"Ki"
"C=CC(=O)NCNC(=O)C=C",0,,
"C=CC(=O)Oc1ccc2c(c1)OC[C@@H]1C2=NO[C@H]1CN1CCN(C/C(C)=C/c2ccccc2)CC1",1,0.9,"Ki"
"C=CC(N)=O",0,,
"C=CCC1=C(C)C(OC(=O)C2C(C=C(C)C)C2(C)C)CC1=O",0,,
"C=CCN(CC=C)CCc1c[nH]c2ccc(Br)cc12",1,5041.59,"Ki, Ki"
"C=CCN(CC=C)CCc1c[nH]c2ccc(C)cc12",1,5097.49,"Ki, Ki"
"C=CCN(CC=C)CCc1c[nH]c2ccc(Cl)cc12",1,5040.64,"Ki, Ki"
"C=CCN(CC=C)CCc1c[nH]c2ccc(F)cc12",1,5058.745,"Ki, Ki"
"C=CCN(CC=C)CCc1c[nH]c2ccc(OC)cc12",1,5106.9,"Ki, Ki"
"C=CCN(CC=C)CCc1c[nH]c2ccccc12",1,5061.515,"Ki, Ki"
"C=CCOC(Cn1ccnc1)c1ccc(Cl)cc1Cl",1,,
"C=CCOc1cc(F)c(F)cc1C1CC1CN",1,413.48,"Ki, Ki"
"C=CCc1cc(S(=O)(=O)c2ccc(O)c(CC=C)c2)ccc1O",0,,
"C=CCc1ccc(O)c(OC)c1",0,,
"C=CCc1ccc(OC)c(OC)c1",0,,
"C=CCc1ccccc1C(C)OC1=NCCN1",1,57.54,"Ki"
"C=CCc1ccccc1O[C@@H](C)C1=NCCN1",1,52.48,"Ki, Ki, Ki"
"C=CCc1ccccc1O[C@H](C)C1=NCCN1",1,99.99999999999999,"Ki, Ki, Ki"
"C=Cc1c(C)nn(CCCN2CCN(c3ccc(C)cc3)CC2)c(=O)c1N",1,320.0,"IC50"
"C=Cc1sc2ccc(Cl)c3c2c1CN(C)CC3",1,24.0,"Ki"
"CC#C[C@]1(O)CC[C@H]2[C@@H]3CCC4=CC(=O)CCC4=C3[C@@H](c3ccc(N(C)C)cc3)C[C@@]21C",0,,
"CC#Cc1cc(C)nc(Nc2ccccc2)n1",0,,
"CC(=O)C1=C(C)NC(C)=C(C(=O)NCCCN2CCC(c3ccccc3)(c3ccccc3)CC2)C1c1ccc([N+](=O)[O-])cc1",1,602.56,"Ki"
"CC(=O)C1=C(C)NC(C)=C(C(=O)NCCCN2CCC(c3ccccc3)(c3ccccc3)CC2)C1c1ccc2c(c1)OCO2",1,954.99,"Ki"
"CC(=O)CC(c1ccccc1)c1c(O)c2ccccc2oc1=O",0,,
"CC(=O)N1CCN(c2ccc(OC[C@@H]3CO[C@@](Cn4ccnc4)(c4ccc(Cl)cc4Cl)O3)cc2)CC1",0,13601.0,"IC50, Ki"
"CC(=O)N1CCN(c2ccc(OC[C@H]3CO[C@](Cn4ccnc4)(c4ccc(Cl)cc4Cl)O3)cc2)CC1",0,,
"CC(=O)NC1(c2cccc(F)c2)CCN(CC[C@@]2(c3ccc(Cl)c(Cl)c3)CN(c3ccccc3)C(=O)CO2)CC1.O=C(O)CCC(=O)O",0,,
"CC(=O)Nc1ccc2c(c1)Cc1ccccc1-2",0,14479.5,"IC50, Ki"
"CC(=O)Nc1cccc2c1CCCC2c1c[nH]cn1",1,549.54,"Ki"
"CC(=O)O",0,,
"CC(=O)OC/C=C(\C)CCC=C(C)C",0,,
"CC(=O)OC1CC(C)OC(C)O1",0,,
"CC(=O)OCC(COC(C)=O)OC(C)=O",0,,
"CC(=O)OCCC(C)C",0,,
"CC(=O)OCCOCCOCCOC(C)=O",0,,
"CC(=O)OC[C@H]1O[C@H](O[C@]2(COC(C)=O)O[C@H](COC(C)=O)[C@@H](OC(C)=O)[C@@H]2OC(C)=O)[C@H](OC(C)=O)[C@@H](OC(C)=O)[C@@H]1OC(C)=O",0,,
"CC(=O)O[C@]1(C(C)=O)CC[C@H]2[C@@H]3C=C(Cl)C4=CC(=O)[C@@H]5C[C@@H]5[C@]4(C)[C@H]3CC[C@@]21C",0,,
"CC(=O)O[Hg]c1ccccc1",1,,
"CC(=O)Oc1ccc2c(c1)OC[C@@H]1C2=NO[C@H]1CN1CCN(C/C(C)=C/c2ccccc2)CC1",1,0.4,"Ki"
"CC(=O)Oc1ccccc1C(=O)O",0,,
"CC(=O)S[C@@H]1CC2=CC(=O)CC[C@]2(C)[C@H]2CC[C@@]3(C)[C@@H](CC[C@@]34CCC(=O)O4)[C@@H]21",0,,
"CC(=O)S[C@H](C(=O)N[C@H]1Cc2ccccc2[C@H]2CCC[C@@H](C(=O)O)N2C1=O)C(C)C",0,,
"CC(=O)[C@@]1(O)CC[C@H]2[C@@H]3CCC4=CC(=O)CC[C@]4(C)[C@H]3CC[C@@]21C",0,,
"CC(=O)[C@H]1CC[C@H]2[C@@H]3CCC4=CC(=O)CC[C@]4(C)[C@H]3CC[C@]12C",0,,
"CC(=O)c1ccc2c(c1)[C@H](NC(=O)c1ccc(F)cc1)[C@@H](O)C(C)(C)O2",0,,
"CC(=O)c1ccccc1",0,,
"CC(=O)c1ccccc1OC(C)C1=NCCN1",1,543.1949999999999,"Ki, EC50"
"CC(C)(C)C(=O)C(Oc1ccc(Cl)cc1)n1cncn1",0,,
"CC(C)(C)C(O)/C(=C\c1ccc(Cl)cc1Cl)n1cncn1",0,,
"CC(C)(C)C(O)C(Oc1ccc(Cl)cc1)n1cncn1",0,,
"CC(C)(C)CC(C)(C)c1ccc(O)c(-n2nc3ccccc3n2)c1",0,,
"CC(C)(C)CC(C)(C)c1ccc(O)cc1",0,,
"CC(C)(C)CC(C)(C)c1ccc(OCCOCC[N+](C)(C)Cc2ccccc2)cc1",1,2132.5,"Ki, IC50"
"CC(C)(C)OOC(=O)c1ccccc1",0,,
"CC(C)(C)OOC(C)(C)C",0,,
"CC(C)(C)OOC(C)(C)CCC(C)(C)OOC(C)(C)C",0,,
"CC(C)(C)c1cc(/C=C2\SC(=N)NC2=O)cc(C(C)(C)C)c1O",0,,
"CC(C)(C)c1cc(C(C)(C)C)c(O)c(C(C)(C)C)c1",0,,
"CC(C)(C)c1cc(O)c(C(C)(C)C)cc1O",0,,
"CC(C)(C)c1cc(O)ccc1O",0,,
"CC(C)(C)c1ccc(CSc2cnn(C(C)(C)C)c(=O)c2Cl)cc1",0,,
"CC(C)(C)c1cccc(C(C)(C)C)c1O",0,,
"CC(C)(C)c1ccccc1",0,,
"CC(C)(C)c1ccccc1O",0,,
"CC(C)(C)c1csc(-c2cc3cc(OCc4ccccc4CC(=O)O)ccc3o2)n1",0,,
"CC(C)(O)C(=O)Nc1ccc([N+](=O)[O-])c(C(F)(F)F)c1",0,,
"CC(C)(O)c1ccc(CNC(=O)c2cccnc2Oc2ccc(F)cc2)cc1",0,,
"CC(C)(O)c1ccc(CNC(=O)c2cccnc2Oc2ccc3nonc3c2)cc1",0,,
"CC(C)(O)c1ccccc1CC[C@@H](SCC1(CC(=O)O)CC1)c1cccc(/C=C/c2ccc3ccc(Cl)cc3n2)c1",1,2694.5,"IC50, Ki"
"CC(C)(O)c1cnn2c(-c3ccc(F)c(-c4c(F)cccc4C#N)c3)cnc2n1",0,,
"CC(C)(O)c1coc(S(=O)(=O)NC(=O)Nc2c3c(cc4c2CCC4)CCC3)c1",0,,
"CC(C)(OO)c1ccccc1",0,,
"CC(C)(OOC(C)(C)c1ccccc1)c1ccccc1",0,,
"CC(C)(c1ccc(O)cc1)c1ccc(O)cc1",0,,
"CC(C)(c1ccccc1)c1ccc(O)c(C(C)(C)c2ccccc2)c1",0,,
"CC(C)(c1ccccc1)c1ccc(O)cc1",0,,
"CC(C)=CC1C(C(=O)OCc2coc(Cc3ccccc3)c2)C1(C)C",0,,
"CC(C)=CCCC(C)=CC=O",0,,
"CC(C)=CCOc1ccc(Cl)c2c1CCN(C)CC2",1,114.0,"Ki, Ki"
"CC(C)C(=O)Nc1ccc([N+](=O)[O-])c(C(F)(F)F)c1",0,,
"CC(C)C1(C)N=C(c2nc3ccccc3cc2C(=O)O)NC1=O",0,,
"CC(C)CC(C)(O)C#CC(C)(O)CC(C)C",0,,
"CC(C)CCO",0,,
"CC(C)COC(=O)c1ccccc1C(=O)OCC(C)C",0,,
"CC(C)C[C@H]1C(=O)N2CCC[C@H]2[C@]2(O)O[C@](NC(=O)[C@@H]3C=C4c5cccc6[nH]c(Br)c(c56)C[C@H]4N(C)C3)(C(C)C)C(=O)N12",1,10.2665,"Ki, IC50"
"CC(C)C[C@H]1C(=O)N2CCC[C@H]2[C@]2(O)O[C@](NC(=O)[C@@H]3C=C4c5cccc6[nH]cc(c56)C[C@H]4N(C)C3)(C(C)C)C(=O)N12",1,5.463,"Ki, IC50"
"CC(C)N(C(=O)SCC(Cl)=C(Cl)Cl)C(C)C",0,,
"CC(C)N(Cc1ccccc1)C(=O)C(C)(C)C",0,,
"CC(C)N1C(=O)N(c2ccccc2)CSC1=NC(C)(C)C",0,,
"CC(C)N1C(=O)c2ccccc2NS1(=O)=O",0,,
"CC(C)N1CCN(c2ccc(OC[C@H]3CO[C@](Cn4cncn4)(c4ccc(Cl)cc4Cl)O3)cc2)CC1",1,676.0,"IC50, Ki"
"CC(C)NC(=O)N1CC(=O)N(c2cc(Cl)cc(Cl)c2)C1=O",0,,
"CC(C)NCC(O)c1ccc(O)c(O)c1",0,,
"CC(C)Nc1nc(Cl)nc(NC(C)C)n1",0,,
"CC(C)OC(=O)C(C)(C)Oc1ccc(C(=O)c2ccc(Cl)cc2)cc1",0,,
"CC(C)OP(=S)(OC(C)C)SCCNS(=O)(=O)c1ccccc1",0,,
"CC(C)OP(C)(=O)OC(C)C",0,,
"CC(C)O[C@H]1c2ccccc2[C@H]2C[C@@]12c1c[nH]cn1",1,45.71,"Ki"
"CC(C)O[Ti](OCCN(CCO)CCO)(OCCN(CCO)CCO)OC(C)C",0,,
"CC(C)Oc1cc(-n2nc(C(C)(C)C)oc2=O)c(Cl)cc1Cl",0,,
"CC(C)Oc1ccccc1OC(C)C1=NCCN1",1,83.18,"Ki"
"CC(C)S(=O)(=O)c1ccccc1NCC1=NCCN1",1,6475.605,"Ki, EC50"
"CC(C)Sc1ccccc1NCC1=NCCN1",1,249.075,"Ki, EC50"
"CC(C)[C@@]1(NC(=O)[C@@H]2C[C@@H]3c4cccc5[nH]cc(c45)C[C@H]3N(C)C2)O[C@@]2(O)[C@@H]3CCCN3C(=O)[C@H](Cc3ccccc3)N2C1=O",1,1.37,"IC50, Ki"
"CC(C)[C@H](C(=O)O[C@H](C#N)c1cccc(Oc2ccccc2)c1)c1ccc(Cl)cc1",0,,
"CC(C)[C@H]1C(=O)N2CCC[C@H]2[C@]2(O)O[C@](NC(=O)[C@@H]3C=C4c5cccc6[nH]cc(c56)C[C@H]4N(C)C3)(C(C)C)C(=O)N12",1,4.3285,"IC50, Ki"
"CC(C)c1ccc(C(=O)N=C(N)N)cc1S(C)(=O)=O",0,,
"CC(C)c1cccc(C(C)C)c1N1C(=O)c2ccc(O)cc2C1=O",0,,
"CC(C)c1cccc(C(C)C)c1NC(=O)[N-]S(=O)(=O)c1cc(C(C)(C)O)co1",0,,
"CC(C)c1nnc2ccc(-c3ocnc3-c3cc(F)ccc3F)cn12",0,,
"CC(CN1c2ccccc2Sc2ccccc21)N(C)C",1,468.5,"IC50, Ki"
"CC(COCC(C)OC(=O)c1ccccc1)OC(=O)c1ccccc1",0,,
"CC(COc1ccc(Oc2ccccc2)cc1)Oc1ccccn1",0,,
"CC(Cc1ccc(OCC(=O)O)cc1)NCC(O)c1csc(C(F)(F)F)n1",1,,
"CC(N)=O",0,,
"CC(N)C(O)c1ccccc1",1,275.42,"Ki"
"CC(N)Cc1c[nH]c2ccccc12",1,632.98,"Ki, Ki"
"CC(Nc1ccccc1-c1ccccc1)C1=NCCN1",1,240.125,"Ki, EC50"
"CC(O)CC(C)(C)O",0,,
"CC(O)CCO",0,,
"CC(O)CN(CCN(CC(C)O)CC(C)O)CC(C)O",0,,
"CC(OC1=NCCN1)c1ccccc1C1CC1",1,22.91,"Ki"
"CC(Oc1c(-c2ccccc2)cccc1-c1ccccc1)C1=NCCN1",1,489.78,"Ki"
"CC(Oc1c(Cl)cccc1Cl)C1=NCCN1",1,5.3375,"Ki, EC50"
"CC(Oc1ccc(Cl)cc1Cl)C(=O)O",0,,
"CC(Oc1cccc(Cl)c1)C(=O)O",0,,
"CC(Oc1ccccc1-c1ccc(O)cc1)C1=NCCN1",1,33.88,"Ki"
"CC(Oc1ccccc1-c1ccc([N+](=O)[O-])cc1)C1=NCCN1",1,123.03,"Ki"
"CC(Oc1ccccc1-c1cccc(F)c1)C1=NCCN1",1,59.75,"Ki, EC50, Ki, EC50"
"CC(Oc1ccccc1-c1cccc(N)c1)C1=NCCN1",1,147.095,"Ki, EC50"
"CC(Oc1ccccc1-c1cccc(O)c1)C1=NCCN1",1,27.54,"Ki, Ki, Ki"
"CC(Oc1ccccc1-c1ccccc1)C1=NCCN1",1,81.34,"EC50, Ki, Ki, EC50, EC50, Ki, Ki, EC50"
"CC(Oc1ccccc1-c1ccccc1)C1=NCCO1",1,8128.31,"Ki"
"CC(Oc1ccccc1-c1ccccc1)C1=NCCS1",1,10000.0,"Ki"
"CC(Oc1ccccc1-c1ccccc1O)C1=NCCN1",1,309.03,"Ki"
"CC(Oc1ccccc1-c1ccccc1[N+](=O)[O-])C1=NCCN1",1,173.78,"Ki"
"CC(Oc1ccccc1-c1ccccn1)C1=NCCN1",1,1202.26,"Ki"
"CC(Oc1ccccc1-c1cccnc1)C1=NCCN1",1,299.476,"Ki, EC50, EC50, Ki, EC50"
"CC(Oc1ccccc1-c1ccncc1)C1=NCCN1",1,281.84,"Ki"
"CC(Oc1ccccc1-c1ccsc1)C1=NCCN1",1,60.785,"Ki, Ki, EC50, EC50"
"CC(Oc1ccccc1/C=N/O)C1=NCCN1",1,394.79499999999996,"EC50, Ki"
"CC(Oc1ccccc1/C=N/OCc1ccccc1)C1=NCCN1",1,213.8,"Ki"
"CC(Oc1ccccc1Br)C1=NCCN1",1,22.91,"Ki, Ki"
"CC(Oc1ccccc1C(F)(F)F)C1=NCCN1",1,181.97,"Ki"
"CC(Oc1ccccc1C1CCCC1)C1=NCCN1",1,56.61,"Ki, EC50"
"CC(Oc1ccccc1C1CCCCC1)C1=NCCN1",1,76.78,"EC50, Ki"
"CC(Oc1ccccc1C=O)C1=NCCN1",1,539.375,"Ki, EC50"
"CC(Oc1ccccc1CC1CC1)C1=NCCN1",1,36.31,"Ki, Ki, Ki"
"CC(Oc1ccccc1Cl)C1=NCCN1",1,28.84,"Ki"
"CC(Oc1ccccc1OC1CC1)C1=NCCN1",1,83.18,"Ki, Ki"
"CC(Oc1ccccc1S(C)(=O)=O)C1=NCCN1",1,1862.3100000000002,"Ki, EC50"
"CC(Sc1ccccc1-c1ccccc1)C1=NCCN1",1,338.84,"Ki"
"CC(c1c[nH]cn1)c1cccc2ccccc12",1,7566.666666666666,"IC50, IC50, IC50"
"CC/C(=C(/CC)c1ccc(O)cc1)c1ccc(O)cc1",1,9712.0,"IC50, Ki"
"CC/C(=C(\c1ccccc1)c1ccc(OCCN(C)C)cc1)c1ccccc1",1,1330.5,"IC50, Ki"
"CC/C(=C(\c1ccccc1)c1ccc(OCCN(C)C)cc1)c1ccccc1.O=C(O)CC(O)(CC(=O)O)C(=O)O",0,,
"CC/C(=C\C(=N/O)C(N)=O)C(C)[N+](=O)[O-]",0,,
"CC1(C(=O)Nc2ccc(O)c(Cl)c2Cl)CCCCC1",0,,
"CC1(C)C(=O)N(Br)C(=O)N1Br",0,,
"CC1(C)C(=O)N(Cl)C(=O)N1Cl",0,,
"CC1(C)C(=O)NC(=O)N1CO",0,,
"CC1(C)C(C(=O)OC(C#N)c2cccc(Oc3ccccc3)c2)C1(C)C",0,,
"CC1(C)C(C=C(Cl)Cl)C1C(=O)OC(C#N)c1ccc(F)c(Oc2ccccc2)c1",0,,
"CC1(C)C(C=C(Cl)Cl)C1C(=O)OC(C#N)c1cccc(Oc2ccccc2)c1",0,,
"CC1(C)C(C=C(Cl)Cl)C1C(=O)OCc1cccc(Oc2ccccc2)c1",0,,
"CC1(C)NC(=O)N(c2ccc([N+](=O)[O-])c(C(F)(F)F)c2)C1=O",0,,
"CC1(C)NC(=O)NC1=O",0,,
"CC1(C)[C@@H]2c3ccccc3C[C@@]21c1c[nH]cn1",1,1.072,"Ki"
"CC1(COc2ccc(CC3SC(=O)NC3=O)cc2)CCCCC1",0,11379.0,"IC50, Ki"
"CC12CC1(C)C(=O)N(c1cc(Cl)cc(Cl)c1)C2=O",0,,
"CC1=C(/C=C/C(C)=C/C=C/C(C)=C/C(=O)O)C(C)(C)CCC1",0,,
"CC1=C(/C=C/C(C)=C/C=C/C(C)=C/CO)C(C)(C)CCC1",0,,
"CC1=C(C#N)C(c2ccc([N+](=O)[O-])cc2)C(C(=O)NCCCN2CCC(c3ccccc3)(c3ccccc3)CC2)=C(C)N1",1,630.96,"Ki"
"CC1=C(C(=O)NCCCN2CCC(C#N)(c3ccc(F)cc3)CC2)[C@@H](c2ccc(F)c(F)c2)CC(=O)N1C",1,1862.0,"Ki"
"CC1=C(C(=O)NCCCN2CCC(C#N)(c3ccc(F)cc3C#N)CC2)[C@@H](c2ccc(F)c(F)c2)CC(=O)N1",1,7852.0,"Ki"
"CC1=C(C(=O)NCCCN2CCC(C#N)(c3ccc(F)cc3F)CC2)[C@@H](c2ccc(F)c(F)c2)CC(=O)N1",1,1972.0,"Ki"
"CC1=C(C(=O)NCCCN2CCC(C#N)(c3ccc(F)cc3F)CC2)[C@@H](c2ccc(F)c(F)c2)CC(=O)N1C",1,3388.0,"Ki"
"CC1=C(C(=O)NCCCN2CCC(c3ccc(F)cc3C#N)CC2)[C@@H](c2ccc(F)c(F)c2)CC(=O)N1",1,1288.0,"Ki"
"CC1=C(C(=O)NCCCN2CCC(c3ccc(F)cc3C#N)CC2)[C@@H](c2ccc(F)c(F)c2)CC(=O)N1C",1,4519.0,"Ki"
"CC1=C(C(=O)NCCCN2CCC(c3ccccc3)(c3ccccc3)CC2)C(c2ccc([N+](=O)[O-])cc2)C(C(=O)N(C)C)=C(C)N1",1,954.99,"Ki"
"CC1=C(C(=O)Nc2ccccc2)SCCO1",0,,
"CC1=C(C(=O)O)C(c2ccc3c(c2)OCO3)C(C(=O)NCCCN2CCC(c3ccccc3)(c3ccccc3)CC2)=C(C)N1",1,1174.9,"Ki"
"CC1=C(C(N)=O)C(c2ccc([N+](=O)[O-])cc2)C(C(=O)NCCCCN2CCC(c3ccccc3)(c3ccccc3)CC2)=C(C)N1",1,369.0,"Ki"
"CC1=C(C)S(=O)(=O)CCS1(=O)=O",0,,
"CC1=C(CCN(C)C)c2cc(NS(=O)(=O)c3csc4ccccc34)ccc2C1",1,700.0,"IC50"
"CC1=C2C[C@H]3[C@@H](CC=C4C[C@@H](O)CC[C@@]43C)[C@@H]2CC[C@]12O[C@@H]1C[C@H](C)CN[C@H]1[C@H]2C",0,,
"CC1=CC(=O)/C(=C(/C)[O-])C(=O)O1",0,,
"CC1=CC(=O)CC(C)(C)C1",0,,
"CC1CCC(NC(=O)N(CCCl)N=O)CC1",1,3306.0,"Ki, IC50"
"CC1CCC(Nc2ccc(I)cc2Cl)=N1",1,2570.4,"Ki"
"CC1CN(c2ccc(Nc3c(CO)cnc4ccc(F)cc34)cc2)CCN1C",1,3390.0,"Ki, Kb"
"CC1CN=C(Nc2ccc3nccnc3c2Br)N1",1,9825.41,"Ki, EC50"
"CC1CNC(Nc2c(Cl)cccc2Cl)=N1",1,1949.84,"Ki"
"CC1COC(Cn2cncn2)(c2ccc(Oc3ccc(Cl)cc3)cc2Cl)O1",0,,
"CC1COC(NC(C2CC2)C2CC2)=N1",1,4897.79,"Ki"
"CC1Cc2ccc([N+](=O)[O-])cc2CN1",1,4840.0,"Ki"
"CCC(=NOC/C=C/Cl)C1=C(O)CC(C2CCOCC2)CC1=O",0,,
"CCC(=O)O[C@H]1CC[C@H]2[C@@H]3CCC4=CC(=O)CC[C@]4(C)[C@H]3CC[C@]12C",0,,
"CCC(C)(C)C(=O)OC1=C(c2cc(Cl)cc(Cl)c2)C(=O)OC12CCCCC2",0,,
"CCC(C)(C)C(=O)O[C@H]1C[C@@H](C)C=C2C=C[C@H](C)[C@H](CC[C@@H]3C[C@@H](O)CC(=O)O3)[C@H]21",0,,
"CCC(C)(C)C1CCC(O)CC1",0,,
"CCC(C)(C)c1ccc(O)c(C(C)(C)CC)c1",0,,
"CCC(C)(C)c1ccc(O)cc1",0,,
"CCC(C)(CC)c1cc(NC(=O)c2c(OC)cccc2OC)on1",0,,
"CCC(C)(NC(=O)c1cc(Cl)c(C)c(Cl)c1)C(=O)CCl",0,,
"CCC(C)=NO",0,,
"CCC(C)OC(=O)N1CCCCC1CCO",0,,
"CCC(C)c1cc([N+](=O)[O-])cc([N+](=O)[O-])c1O",0,,
"CCC(C)c1ccc(O)cc1",0,,
"CCC(C)c1ccccc1O",0,,
"CCC(CC)Nc1c([N+](=O)[O-])cc(C)c(C)c1[N+](=O)[O-]",0,,
"CCC([O-])=C1C(=O)CC(C(=O)[O-])CC1=O",0,,
"CCC1(c2ccccc2)C(=O)N=C([O-])NC1=O",0,,
"CCC1(c2cnc[nH]2)Cc2ccccc2C1",1,2.0746666666666664,"Ki, Ki, Ki"
"CCC1=C(C(N)=O)C(c2ccc([N+](=O)[O-])cc2)C(C(=O)NCCCN2CCC(c3ccccc3)(c3ccccc3)CC2)=C(CC)N1",1,354.81,"Ki"
"CCC1=C(C(N)=O)C(c2ccc([N+](=O)[O-])cc2)C(C(=O)NCCCN2CCC(c3ccccc3)(c3ccccc3)CC2)=C(COC)N1",1,575.0,"Ki"
"CCC1=C(C(N)=O)C(c2ccc([N+](=O)[O-])cc2)C(C(=O)NCCCN2CCC(c3ccccc3)(c3ccccc3)CC2)=C(COCC(F)(F)F)N1",1,2308.0,"Ki"
"CCC1=C(C(N)=O)C(c2ccc([N+](=O)[O-])cc2)C(C(=O)NCCCN2CCC(c3ccccc3)(c3ccccc3)CC2)=C(COCCCN)N1",1,813.0,"Ki"
"CCC1=C(C(N)=O)C(c2ccc([N+](=O)[O-])cc2)C(C(=O)NCCCN2CCC(c3ccccc3)(c3ccccc3)CC2)=C(COCCN)N1",1,403.0,"Ki"
"CCC1=C(C(N)=O)C(c2ccc([N+](=O)[O-])cc2)C(C(=O)NCCCN2CCC(c3ccccc3)(c3ccccc3)CC2)=C(COCCN=[N+]=[N-])N1",1,468.0,"Ki"
"CCCC(=NOCC)C1=C(O)CC(CC(C)SCC)CC1=O",0,,
"CCCC(=O)O",0,,
"CCCC(=O)OCC",0,,
"CCCC(=O)OCCC(C)C",0,,
"CCCC(CCC)C(=O)O",0,,
"CCCC1COC(Cn2cncn2)(c2ccc(Cl)cc2Cl)O1",0,,
"CCCCC(C#N)(Cn1cncn1)c1ccc(Cl)cc1",0,,
"CCCCC(CC)C(=O)O",0,,
"CCCCC(CC)C(=O)OCCOCCOCCOC(=O)C(CC)CCCC",0,,
"CCCCC(CC)CN1C(=O)C2C3C=CC(C3)C2C1=O",0,,
"CCCCC(CC)CO",0,,
"CCCCC(CC)COC(=O)CC(C(=O)OCC(CC)CCCC)S(=O)(=O)[O-]",0,,
"CCCCC(CC)COC(=O)CCCCC(=O)OCC(CC)CCCC",0,,
"CCCCC(CC)COC(=O)CCCCC(=O)OCc1ccccc1",0,,
"CCCCC(CC)COC(=O)CCCCCCCC(=O)OCC(CC)CCCC",0,,
"CCCCC(CC)COC(=O)CCCCCCCCC(=O)OCC(CC)CCCC",0,,
"CCCCC(CC)COC(=O)c1ccc(C(=O)OCC(CC)CCCC)c(C(=O)OCC(CC)CCCC)c1",0,,
"CCCCC(CC)COC(=O)c1ccc(C(=O)OCC(CC)CCCC)cc1",0,,
"CCCCC(CC)COC(=O)c1ccccc1C(=O)O",0,,
"CCCCC(CC)COC(=O)c1ccccc1C(=O)OCC(CC)CCCC",0,,
"CCCCC(CC)COP(=O)(OCC(CC)CCCC)OCC(CC)CCCC",0,,
"CCCCC(O)(Cn1cncn1)c1ccc(Cl)cc1Cl",0,,
"CCCCC1CCN(CCCC(=O)c2ccccc2C)CC1",1,530.0,"Ki"
"CCCCC=O",0,,
"CCCCCC(=O)O",0,,
"CCCCCCC(=O)O",0,,
"CCCCCCC(=O)OCC",0,,
"CCCCCCC(C=O)=Cc1ccccc1",0,,
"CCCCCCCC/C=C\CCCCCCCC(=O)OC[C@@H](O)[C@H]1OC[C@H](O)[C@H]1O",0,,
"CCCCCCCC1CCC(=O)O1",0,,
"CCCCCCCC=O",0,,
"CCCCCCCCC(=O)O",0,,
"CCCCCCCCCC",0,,
"CCCCCCCCCC(=O)O",0,,
"CCCCCCCCCCC",0,,
"CCCCCCCCCCCC(=O)OC",0,,
"CCCCCCCCCCCCCCC",0,,
"CCCCCCCCCCCCCCCC",0,,
"CCCCCCCCCCCCCCCCCC(=O)O",0,,
"CCCCCCCCCCCCCCCCO",0,,
"CCCCCCCCCCCCCCCCOS(=O)(=O)[O-]",0,,
"CCCCCCCCCCCCCCO",0,,
"CCCCCCCCCCCCCCOS(=O)(=O)[O-]",0,,
"CCCCCCCCCCCCCN1CC(C)OC(C)C1",0,,
"CCCCCCCCCCCCN1CCCC1=O",0,,
"CCCCCCCCCCCCO",0,,
"CCCCCCCCCCCCOS(=O)(=O)[O-]",0,,
"CCCCCCCCCCCC[N+](C)(C)C",0,,
"CCCCCCCCCCCCc1ccccc1",0,,
"CCCCCCCCCCCO",0,,
"CCCCCCCCCCO",0,,
"CCCCCCCCCC[N+](C)(C)CCCCCCCCCC",0,,
"CCCCCCCCCC[N+](C)(C)[O-]",0,,
"CCCCCCCCCc1ccc(O)cc1",1,4661.5,"Ki, IC50"
"CCCCCCCCN(C)C",0,,
"CCCCCCCCN(C)CCCCCCCC",0,,
"CCCCCCCCN[C@H](C)[C@@H](O)c1ccc(SC(C)C)cc1",1,1390.95,"IC50, Ki"
"CCCCCCCCOC(=O)CCCCCCCCC(=O)OCCCCCCCC",0,,
"CCCCCCCCOC(=O)c1cc(O)c(O)c(O)c1",0,,
"CCCCCCCCOC(=O)c1ccc(C(=O)OCCCCCCCC)c(C(=O)OCCCCCCCC)c1",0,,
"CCCCCCCCOC(=O)c1ccccc1C(=O)OCCCCCCCC",0,,
"CCCCCCCCOc1ccc(C(=O)c2ccccc2)c(O)c1",0,,
"CCCCCCCC[Si](OCC)(OCC)OCC",0,,
"CCCCCCCCc1ccc(O)cc1",1,9823.0,"Ki, IC50"
"CCCCCCCCn1sccc1=O",1,,
"CCCCCCCc1ccc(O)cc1",0,,
"CCCCCCOC(=O)CC(CC(=O)OCCCCCC)(OC(=O)CCC)C(=O)OCCCCCC",0,,
"CCCCCCOCCO",0,,
"CCCCCCc1ccc(O)cc1O",0,,
"CCCCCNc1cc(C)n(CCCCC)c(=O)c1",0,62000.0,"Ki"
"CCCCCNc1cc(C)n(Cc2ccccc2)c(=O)c1",0,110000.0,"Ki"
"CCCCCOC(=O)COc1cc(N2C(=O)C3=C(CCCC3)C2=O)c(F)cc1Cl",0,,
"CCCCCOC(C)=O",0,,
"CCCCCc1ccc(N)cc1",0,,
"CCCCCn1c(C)cc(NCc2ccc(Cl)cc2)cc1=O",0,80000.0,"Ki"
"CCCCCn1c(C)cc(NCc2ccccc2)cc1=O",0,41000.0,"Ki"
"CCCCN(CCCC)CCCC",0,,
"CCCCN(CCCC)N=O",0,,
"CCCCN(CCCC)SN(C)C(=O)Oc1cccc2c1OC(C)(C)C2",0,,
"CCCCN1C(=O)[C@@H]([C@H](O)C2CCCCC2)NC(=O)C12CCN(Cc1ccc(Oc3ccc(C(=O)O)cc3)cc1)CC2",0,,
"CCCCN1CCC(COC(=O)c2cc(Cl)c(N)c3c2OCCO3)CC1",1,1000.0,"Ki"
"CCCCNC(=O)n1c(NC(=O)OC)nc2ccccc21",0,,
"CCCCOC(=O)C(C)Oc1ccc(Oc2ccc(C(F)(F)F)cn2)cc1",0,,
"CCCCOC(=O)CC(CC(=O)OCCCC)(OC(C)=O)C(=O)OCCCC",0,,
"CCCCOC(=O)CCCCC(=O)OCCCC",0,,
"CCCCOC(=O)CCCCCCCCC(=O)OCCCC",0,,
"CCCCOC(=O)[C@@H](C)Oc1ccc(Oc2ccc(C#N)cc2F)cc1",0,,
"CCCCOC(=O)[C@@H](C)Oc1ccc(Oc2ccc(C(F)(F)F)cn2)cc1",0,,
"CCCCOC(=O)c1ccc(O)cc1",0,,
"CCCCOC(=O)c1ccccc1",0,,
"CCCCOC(=O)c1ccccc1C(=O)O",0,,
"CCCCOC(=O)c1ccccc1C(=O)OCCCC",0,,
"CCCCOC(=O)c1ccccc1C(=O)OCc1ccccc1",0,,
"CCCCOCCO",0,,
"CCCCOCCOCCO",0,,
"CCCCOCN(C(=O)CCl)c1c(CC)cccc1CC",0,,
"CCCCOP(=O)(OCCCC)OCCCC",1,,
"CCCCOc1cccc(C(=O)NCCN2CCCN(CC3COc4ccccc4O3)CC2)n1",1,83.2,"Ki, Ki"
"CCCCOc1ncccc1C(=O)NCCN1CCCN(CC2COc3ccccc3O2)CC1",1,77.3,"Ki, Ki"
"CCCCS(=O)(=O)NCC1CCC(CNc2nc(N(C)C)c3ccccc3n2)CC1",1,58.0,"IC50"
"CCCCSP(=O)(SCCCC)SCCCC",0,,
"CCCC[C@H]1CN(CC2CCOCC2)C(=O)OC12CCN(C1(C)CCN(C(=O)c3c(C)ncnc3C)CC1)CC2",0,,
"CCCC[Sn](Cl)(CCCC)CCCC",1,,
"CCCCc1nc2cccnc2n1Cc1ccc(-c2ccccc2-c2nnn[n-]2)cc1",0,,
"CCCN(CCC)C(=O)SCC",0,,
"CCCN(CCC)N=O",0,,
"CCCN(CCC)c1c([N+](=O)[O-])cc(C(C)C)cc1[N+](=O)[O-]",0,,
"CCCN(CCC)c1c([N+](=O)[O-])cc(C(F)(F)F)c(N)c1[N+](=O)[O-]",0,,
"CCCN(CCC)c1c([N+](=O)[O-])cc(C(F)(F)F)cc1[N+](=O)[O-]",0,,
"CCCN(CCC)c1c([N+](=O)[O-])cc(S(N)(=O)=O)cc1[N+](=O)[O-]",0,,
"CCCN(CCOc1c(Cl)cc(Cl)cc1Cl)C(=O)n1ccnc1",0,,
"CCCN1CCC(COc2nc3scc(C)c3n3cccc23)CC1",1,891.25,"IC50"
"CCCN1CCC(n2c(=O)[nH]c3cc(Cl)ccc32)CC1",0,17170.0,"Ki"
"CCCN1C[C@H](CSC)C[C@@H]2c3cccc4[nH]cc(c34)C[C@H]21",1,181.5,"IC50, Ki"
"CCCNC(=N)Nc1ccc(NCC)cc1",1,8317.64,"Ki"
"CCCNC(=N)Nc1ccc(OCC)cc1",1,4265.8,"Ki"
"CCCNC(=N)Nc1ccc2c(c1)CCCC2",1,676.08,"Ki"
"CCCOC(=O)NCCCN(C)C",0,,
"CCCOC(=O)c1cc(O)c(O)c(O)c1",0,,
"CCCOC(=O)c1ccc(C(=O)OCCC)nc1",0,,
"CCCOC(=O)c1ccc(O)cc1",0,,
"CCCOC/C(=N\c1ccc(Cl)cc1C(F)(F)F)n1ccnc1",0,,
"CCCOc1ccc(S(=O)(=O)N2CCN(CC)CC2)cc1-c1nc2c(CC)n(Cc3ccccn3)nc2c(=O)[nH]1",0,,
"CCCOc1nn(C(=O)[N-]S(=O)(=O)c2ccccc2C(=O)OC)c(=O)n1C",0,,
"CCCOc1sc(C(=O)N2CCC(c3cc(CN)ccc3F)CC2)c(C)c1Br",1,,
"CCCS(=O)(=O)c1ccccc1NCC1=NCCN1",1,7943.28,"Ki"
"CCCSC(=O)N(CCC)CCC",0,,
"CCCSP(=O)(OCC)Oc1ccc(Br)cc1Cl",0,,
"CCC[C@H]1CCCC[C@@H]1NC1=NCCO1",1,2.2865,"EC50, Ki"
"CCC[C@H]1[C@@H]2c3ccccc3C[C@]12c1c[nH]cn1",1,0.4074,"Ki"
"CCC[C@H]1c2ccccc2[C@H]2C[C@@]12c1c[nH]cn1",1,0.8511,"Ki"
"CCCc1cc(=O)[nH]c(=S)[nH]1",0,,
"CCCc1ccccc1",0,,
"CCCc1ccccc1C(C)OC1=NCCN1",1,50.12,"Ki"
"CCCc1ccccc1COC1=NCCN1",1,48.98,"Ki"
"CCCc1ccccc1OC(C)C1=NCCN1",1,50.12,"Ki"
"CCCc1ccccc1OCC1=NCCN1",1,48.98,"Ki"
"CCN(C(=O)c1cc(C)cc(OC[C@H](C)Nc2ccncc2)c1)C(C)C",1,,
"CCN(CC)C(=O)C(C)Oc1cccc2ccccc12",0,,
"CCN(CC)C(=O)N[C@H]1C=C2c3cccc4[nH]cc(c34)C[C@H]2N(C)C1",1,0.213,"IC50, Ki"
"CCN(CC)C(=O)SCc1ccc(Cl)cc1",0,,
"CCN(CC)C(=O)[C@@H]1C=C2c3cccc4[nH]cc(c34)C[C@H]2N(C(=O)Nc2ccccc2)C1",1,1930.0,"IC50"
"CCN(CC)C(=O)c1cccc(C)c1",0,,
"CCN(CC)C(=S)SSC(=S)N(CC)CC",1,3371.5,"IC50, Ki"
"CCN(CC)CCCC(C)Nc1c2ccc(Cl)cc2nc2ccc(OC)cc12",1,1567.5,"IC50, Ki"
"CCN(CC)CCNC(=O)c1cc(S(C)(=O)=O)ccc1OC",1,1428.5,"IC50, Ki"
"CCN(CC)CCNc1ccc(CNC=O)c2sc3ccc(OC)cc3c(=O)c12",0,,
"CCN(CC)CCOc1ccc(/C(=C(/Cl)c2ccccc2)c2ccccc2)cc1",1,643.5,"Ki, IC50"
"CCN(CC)CCOc1ccc(C(=C(Cl)c2ccccc2)c2ccccc2)cc1.O=C(O)CC(O)(CC(=O)O)C(=O)O",1,,
"CCN(CC)N=O",0,,
"CCN(CC)c1ccccc1",0,,
"CCN(Cc1c(F)cccc1Cl)c1c([N+](=O)[O-])cc(C(F)(F)F)cc1[N+](=O)[O-]",0,,
"CCN(Cc1cccc(S(=O)(=O)[O-])c1)c1ccc(C(=C2C=CC(=[N+](CC)Cc3cccc(S(=O)(=O)[O-])c3)C=C2)c2ccccc2S(=O)(=O)[O-])cc1",0,,
"CCN1CCC2(CC1)COc1cc3c(cc12)N(C(=O)c1ccc(-c2ccc(-c4nnc(C)o4)cc2C)cc1)CC3",1,,
"CCN1CCCC1CNC(=O)c1cc(S(N)(=O)=O)ccc1OC",1,1388.0,"IC50, Ki"
"CCN1CCN(c2ccc(Nc3c4ccccc4nc4ccccc34)cc2)CC1",1,3600.0,"Ki"
"CCNC(=O)NC(=O)/C(C#N)=N/OC",0,,
"CCNP(=S)(OC)O/C(C)=C/C(=O)OC(C)C",0,,
"CCNS(=O)(=O)C(F)(F)C(F)(F)C(F)(F)C(F)(F)C(F)(F)C(F)(F)C(F)(F)C(F)(F)F",0,,
"CCNc1ccc(/N=C(/N)NCc2ccco2)cc1",1,1071.52,"Ki"
"CCNc1ccc(/N=C2/NCC(C)N2)cc1",0,12302.69,"Ki"
"CCNc1ccc(NC(=N)NCCO)cc1",0,18620.87,"Ki"
"CCNc1cccc(C)c1",0,,
"CCNc1ccccc1",0,,
"CCNc1nc(Cl)nc(NC(C)(C)C#N)n1",0,,
"CCNc1nc(Cl)nc(NC(C)(C)C)n1",0,,
"CCNc1nc(Cl)nc(NCC)n1",0,,
"CCNc1nc(N)nc(Cl)n1",0,,
"CCNc1nc(NC(C)C)nc(SC)n1",0,,
"CCOC(=O)C(C)Oc1ccc(Oc2nc3ccc(Cl)cc3o2)cc1",0,,
"CCOC(=O)C(Cl)Cc1cc(-n2nc(C)n(C(F)F)c2=O)c(F)cc1Cl",0,,
"CCOC(=O)C(O)(c1ccc(Cl)cc1)c1ccc(Cl)cc1",0,,
"CCOC(=O)C1=C(COCCN)NC(C)=C(C(=O)OC)C1c1ccccc1Cl",1,414.0,"IC50, Ki"
"CCOC(=O)CC(CC(=O)OCC)(OC(C)=O)C(=O)OCC",0,,
"CCOC(=O)CC(O)(CC(=O)OCC)C(=O)OCC",0,,
"CCOC(=O)CC(SP(=O)(OC)OC)C(=O)OCC",0,,
"CCOC(=O)CC(SP(=S)(OC)OC)C(=O)OCC",0,,
"CCOC(=O)CCC(=O)OCC",1,,
"CCOC(=O)COc1ccc2c(c1)CC(NCC(O)c1cccc(Cl)c1)CC2",1,,
"CCOC(=O)N1C[C@@H]2C(=NO[C@H]2CN2CCN(C/C=C/c3ccccc3)CC2)c2ccccc21",1,33.0,"Ki"
"CCOC(=O)NCCOc1ccc(Oc2ccccc2)cc1",0,,
"CCOC(=O)O[C@H](C)OC(=O)c1ccc2c(c1)cc(C(=O)NC1CCN(C(C)C)CC1)n2Cc1cc(-c2ccc(Cl)s2)on1",1,,
"CCOC(=O)[C@]1(c2ccccc2)Oc2ccccc2[C@@H]1N",1,,
"CCOC(=O)c1ccc([C@H]2CC[C@H](NC[C@H](O)COc3ccc(O)c(NS(C)(=O)=O)c3)CC2)cc1",1,,
"CCOC1Oc2ccc(OS(C)(=O)=O)cc2C1(C)C",0,,
"CCOCCO",0,,
"CCOCCOC(C)=O",0,,
"CCOCCOCCOc1ccc2c(c1)OC[C@@H]1C2=NO[C@H]1CN1CCN(C/C(C)=C/c2ccccc2)CC1",1,1.3,"Ki"
"CCOCN(C(=O)CCl)c1c(C)cccc1CC",0,,
"CCOP(=O)(NC(C)C)Oc1ccc(SC)c(C)c1",0,,
"CCOP(=O)(OCC)Oc1nc(Cl)c(Cl)cc1Cl",0,,
"CCOP(=O)(SC(C)CC)N1CCSC1=O",0,,
"CCOP(=S)(OCC)OC(Cl)C(Cl)(Cl)Cl",0,,
"CCOP(=S)(OCC)Oc1ccc([N+](=O)[O-])cc1",0,,
"CCOP(=S)(OCC)Oc1ccc2c(C)c(Cl)c(=O)oc2c1",0,,
"CCOP(=S)(OCC)Oc1nc(Cl)c(Cl)cc1Cl",0,,
"CCOP(=S)(OCC)Oc1nc(Cl)n(C(C)C)n1",0,,
"CCOP(=S)(OCC)SCCSCC",0,,
"CCOP(=S)(OCC)SCSCC",0,,
"CCOP(=S)(OCC)SCSP(=S)(OCC)OCC",0,,
"CCOP(=S)(Oc1cnc(C(C)(C)C)nc1)OC(C)C",0,,
"CCOS(=O)(=O)OCC",0,,
"CCO[C@H]1c2ccccc2[C@H]2C[C@@]12c1c[nH]cn1",1,3.311,"Ki"
"CCOc1cc(C(C)(C)C)ccc1C1COC(c2c(F)cccc2F)=N1",0,,
"CCOc1cc(Oc2ccc(C(F)(F)F)cc2Cl)ccc1[N+](=O)[O-]",0,,
"CCOc1ccc(/N=C2/NCC(C)N2)cc1",0,14125.38,"Ki"
"CCOc1ccc(C(C)(C)COCc2cccc(Oc3ccccc3)c2)cc1",0,,
"CCOc1ccc(NC(=N)Nc2ccccc2)cc1",1,2238.72,"Ki"
"CCOc1cccc(-n2cc(C(=O)N3CCN(c4cc(C(=O)[O-])c5ccccc5c4)CC3)nc2-c2ccc(C)cc2)c1",0,,
"CCOc1cccc([C@]2(N3CCN(c4ccccc4)CC3)CC[C@@H](C)CC2)c1",0,,
"CCOc1ccccc1OCCN[C@H](C)Cc1ccc(OC)c(S(N)(=O)=O)c1",1,38.2,"Ki, Ki"
"CCOc1nc(F)cc2nc(S(=O)(=O)Nc3c(Cl)cccc3Cl)nn12",0,,
"CCOc1nc(NC)nc(NC(=O)NS(=O)(=O)c2ccccc2C(=O)OC)n1",0,,
"CCS(=O)(=O)Nc1ccc2c(c1)C(c1c[nH]cn1)CCC2",1,22.91,"Ki"
"CCS(=O)(=O)Nc1cccc2c1CCC2c1c[nH]cn1",1,97.72,"Ki"
"CCS(=O)(=O)Nc1cccc2c1CCCC2c1c[nH]cn1",1,131.83,"Ki"
"CCS(=O)(=O)c1ccccc1NCC1=NCCN1",1,5659.13,"Ki, EC50"
"CCS(=O)(=O)c1cccnc1S(=O)(=O)NC(=O)Nc1nc(OC)cc(OC)n1",0,,
"CCSC(=O)N(CC(C)C)CC(C)C",0,,
"CCSC(=O)N(CC)C1CCCCC1",0,,
"CCSC(=O)N1CCCCCC1",0,,
"CCSc1ccccc1NCC1=NCCN1",1,166.235,"EC50, Ki"
"CC[C@@H](CO)NC(=O)[C@@H]1C=C2c3cccc4[nH]cc(c34)C[C@H]2N(C)C1",1,1093.0,"IC50, Ki"
"CC[C@@H](CO)NC(=O)[C@@H]1C=C2c3cccc4c3c(cn4C)C[C@H]2N(C)C1",1,1121.0,"IC50, Ki"
"CC[C@H](C)C(=O)O[C@H]1C[C@@H](C)C=C2C=C[C@H](C)[C@H](CC[C@@H]3C[C@@H](O)CC(=O)O3)[C@H]21",0,,
"CC[C@H](C)[C@@H](C(=O)O)n1sc2ccccc2c1=O",0,,
"CC[C@H](c1ccc(O)cc1)[C@@H](CC)c1ccc(O)cc1",0,,
"CC[C@H]1CC[C@H](NCc2cc3c(cc2OC)[C@H]2C[C@H]2C(=O)N3C)[C@H](c2ccccc2)N1",1,,
"CC[C@H]1CN2CCc3cc(OC)c(OC)cc3[C@@H]2C[C@@H]1C[C@H]1NCCc2cc(OC)c(OC)cc21",1,26.0,"IC50, Ki"
"CC[C@H]1[C@@H]2c3ccccc3C[C@]12c1c[nH]cn1",1,0.138,"Ki"
"CC[C@H]1c2ccccc2[C@H]2C[C@@]12c1c[nH]cn1",1,0.5129,"Ki"
"CC[Hg]Sc1ccccc1C(=O)[O-]",1,366.0,"IC50, Ki"
"CCc1c(C(=O)NN2CCCCC2)nn(-c2ccc(Cl)cc2Cl)c1-c1ccc(Br)cc1",0,,
"CCc1c(C)nc2c(C)cccc2c1Nc1ccc(N2CCCN(C)CC2)cc1",1,8000.0,"Ki"
"CCc1c(C)nc2c(C)cccc2c1Nc1ccc(NCCN(CC)CC)cc1",1,2400.0,"Ki, Kb"
"CCc1c(C)nc2c(c1Nc1ccc(N3CCN(C)C(C)C3)cc1)CCCC2",1,1230.0,"Ki, Kb"
"CCc1c(C)nc2ccccc2c1Nc1ccc(N2CCN(C)CC2)cc1",1,1550.0,"Ki, Kb"
"CCc1cc(C2=C(C(=O)[O-])N(c3ccccc3C(F)(F)F)S(=O)(=O)c3ccccc32)cc2c1OCO2",0,,
"CCc1cc(SCc2sc(-c3ccc(C(F)(F)F)cc3)nc2CN2CCN(c3ccc(OC)cc3)CC2)ccc1OCC(=O)O",0,,
"CCc1ccc(C(=O)NN(C(=O)c2cc(C)cc(C)c2)C(C)(C)C)cc1",0,,
"CCc1ccc(CCOc2ccc(CC3SC(=O)NC3=O)cc2)nc1",0,,
"CCc1cccc(C)c1N(C(=O)CCl)C(C)COC",0,,
"CCc1cccc(CC)c1N(COC)C(=O)CCl",0,,
"CCc1cccc(CC)c1OC(C)C1=NCCN1",1,21.685000000000002,"EC50, Ki"
"CCc1ccccc1OC(C)C1=NCCN1",1,23.99,"Ki"
"CCc1cnc(C2=NC(C)(C(C)C)C(=O)N2)c(C(=O)O)c1",0,,
"CCc1nc(N)nc(N)c1-c1ccc(Cl)cc1",1,,
"CCc1nn(C2CCCCC2)c2cc([C@]3(C#N)CC[C@@H](C(=O)O)CC3)ccc12",0,,
"CCc1sc2ccc(Cl)c3c2c1CN(C)CC3",1,31.0,"Ki"
"CCn1nc(C)c2c1C(=O)NCC(c1ccc(O)cc1)=N2",0,,
"CCn1nc(Cc2ccccc2)cc1C1CCN(C[C@H]2C[C@H](N(C)[C@@H](C(=O)O)C(C)C)C[C@@H]2c2cccc(F)c2)CC1",0,,
"CN(C(=O)Cc1cccc2occc12)[C@H]1CC[C@@]2(CCCO2)C[C@@H]1N1CCCC1",0,,
"CN(C)C(=O)C1(N2CCCCC2)CCN(CCC2(c3ccc(Cl)c(Cl)c3)CN(C(=O)c3ccccc3)CCO2)CC1",1,,
"CN(C)C(=O)NC1(c2ccccc2)CCN(CC[C@@]2(c3ccc(F)c(F)c3)CN(C(=O)c3ccccc3)CCO2)CC1",0,,
"CN(C)C(=O)Nc1ccc(Cl)cc1",0,,
"CN(C)C(=O)Nc1cccc(C(F)(F)F)c1",0,,
"CN(C)C(=S)SSC(=S)N(C)C",0,,
"CN(C)C(=S)[S-]",0,,
"CN(C)C(=S)[S-].CN(C)C(=S)[S-].[Zn+2]",0,,
"CN(C)C=O",0,,
"CN(C)CC1CC2c3ccccc3Cc3ccc(Cl)cc3N2O1",1,478.63,"IC50, IC50"
"CN(C)CC1CC2c3ccccc3Cc3ccc(F)cc3N2O1",1,501.19,"IC50"
"CN(C)CC1CC2c3ccccc3Cc3ccccc3N2O1",1,371.53999999999996,"IC50, IC50, IC50"
"CN(C)CC1CC2c3ccccc3Cc3ccncc3N2O1",1,1000.0,"IC50"
"CN(C)CCC=C1c2ccccc2CCc2ccccc21",1,241.5,"IC50, Ki"
"CN(C)CCCN(C)CCCN(C)C",0,,
"CN(C)CCCN1c2ccccc2CCc2ccc(Cl)cc21",1,972.0,"IC50, Ki"
"CN(C)CCCN1c2ccccc2Sc2ccccc21",1,231.5,"Ki, IC50"
"CN(C)CCN(Cc1cccs1)c1ccccn1",1,801.0,"Ki, IC50"
"CN(C)CCO",0,,
"CN(C)CCOC(c1ccccc1)c1ccccc1.Cn1c(=O)c2[nH]c(Cl)nc2n(C)c1=O",1,2965.0,"IC50, Ki"
"CN(C)CC[C@@H](c1ccc(Cl)cc1)c1ccccn1",0,13979.0,"Ki, IC50"
"CN(C)C[C@@H]1CC2c3ccccc3Oc3ccc(Cl)cc3[C@H]2O1",1,302.0,"Ki"
"CN(C)C[C@@H]1CC2c3ccccc3Oc3ccc(F)cc3[C@H]2O1",1,251.0,"Ki"
"CN(C)C[C@H]1CC2c3ccccc3Oc3ccc(Br)cc3[C@H]2O1",1,407.0,"Ki"
"CN(C)C[C@H]1CC2c3ccccc3Oc3ccc(F)cc3[C@H]2O1",1,269.0,"Ki"
"CN(C)C[C@H]1CC2c3ccccc3Sc3ccc(F)cc3[C@H]2O1",1,72.5,"Ki, Ki"
"CN(C)C[C@H]1C[C@@H]2c3ccccc3Cc3ccccc3[C@H]2O1",1,126.0,"Ki"
"CN(C)C[C@H]1C[C@@H]2c3ccccc3Sc3ccc(F)cc3[C@H]2O1",1,156.0,"Ki"
"CN(C)N=O",0,,
"CN(C)NC(=O)CCC(=O)O",0,,
"CN(C)c1ccc(/N=C(/N)NCc2ccco2)cc1",1,213.8,"Ki"
"CN(C)c1ccc(/N=C2/NCC(c3ccco3)N2)cc1",1,1318.26,"Ki"
"CN(C)c1ccc(C(=O)c2ccc(N(C)C)cc2)cc1",0,,
"CN(C)c1ccc(Cc2ccc(N(C)C)cc2)cc1",0,,
"CN(C)c1ccc(N=NS(=O)(=O)[O-])cc1",0,,
"CN(C)c1ccc(NC(=N)NCCO)cc1",1,1862.09,"Ki"
"CN(C)c1ccc(NC(=N)Nc2ccccc2)cc1",1,389.05,"Ki"
"CN(C)c1ccccc1",0,,
"CN(C)c1nc(NC2CCC(CNC(=O)c3ccc(Br)cc3OC(F)(F)F)CC2)nc2ccccc12",1,570.0,"IC50"
"CN(C)c1nc(NC2CCC(NC(=O)c3ccc(Br)cc3OC(F)(F)F)CC2)nc2ccccc12",1,390.0,"IC50"
"CN(C)c1nc(NC2CCC(NCc3ccc(Br)cc3OC(F)(F)F)CC2)nc2ccccc12",1,170.0,"IC50"
"CN(C)c1nc(NC2CCC(NS(=O)(=O)c3ccc(Br)cc3OC(F)(F)F)CC2)nc2ccccc12",1,47.0,"IC50"
"CN(C)c1nc(NC2CCN(Cc3ccc(Br)cc3OC(F)(F)F)CC2)nc2ccccc12",1,520.0,"IC50"
"CN(C)c1nc(NCC2CCC(CN(C)S(=O)(=O)c3ccc(Br)cc3OC(F)(F)F)CC2)nc2ccccc12",1,34.0,"IC50"
"CN(C)c1nc(NCC2CCC(CNC(=O)c3ccc(Br)cc3OC(F)(F)F)CC2)nc2ccccc12",1,9.9,"IC50"
"CN(C)c1nc(NCC2CCC(CNCc3ccc(Br)cc3OC(F)(F)F)CC2)nc2ccccc12",1,31.0,"IC50"
"CN(C)c1nc(NCC2CCC(CNS(=O)(=O)c3ccc(Br)cc3OC(F)(F)F)CC2)nc2ccccc12",1,7.7,"IC50"
"CN(C)c1nc(NCC2CCC(CNS(C)(=O)=O)CC2)nc2ccccc12",1,86.0,"IC50"
"CN(C)c1nc(NCC2CCC(NS(=O)(=O)c3ccc(Br)cc3OC(F)(F)F)CC2)nc2ccccc12",1,21.0,"IC50"
"CN(C)c1nc(NCC2CCN(S(=O)(=O)c3ccc(Br)cc3OC(F)(F)F)CC2)nc2ccccc12",1,5.6,"IC50"
"CN(C)c1nc(NC[C@H]2CC[C@H](CNS(=O)(=O)c3ccc(Br)cc3OC(F)(F)F)CC2)nc2ccccc12",1,7.7,"IC50"
"CN(C)c1nc(N[C@H]2CC[C@@H](CNS(=O)(=O)c3ccc(Br)cc3OC(F)(F)F)CC2)nc2ccccc12",1,130.0,"IC50"
"CN(C)c1nc(N[C@H]2CC[C@@H](NC(=O)c3ccc(Cl)c(Cl)c3)CC2)nc2ccccc12",1,47.0,"IC50"
"CN(C)c1nc(N[C@H]2CC[C@@H](NC(=O)c3ccc(F)c(F)c3)CC2)nc2ccccc12",1,182.0,"IC50, IC50"
"CN(C)c1nc(N[C@H]2CC[C@@H](NC(=O)c3ccc(F)c(F)c3F)CC2)nc2ccccc12",1,200.0,"IC50"
"CN(C)c1nc(N[C@H]2CC[C@@H](NC(=O)c3ccc(F)cc3)CC2)nc2ccccc12",1,150.0,"IC50"
"CN(C)c1nc(N[C@H]2CC[C@@H](NC(=O)c3cccc(Br)c3)CC2)nc2ccccc12",1,63.0,"IC50"
"CN(C)c1nc(N[C@H]2CC[C@@H](NC(=O)c3cccc(C#N)c3)CC2)nc2ccccc12",1,150.0,"IC50"
"CN(C)c1nc(N[C@H]2CC[C@@H](NC(=O)c3cccc(C(F)(F)F)c3)CC2)nc2ccccc12",1,60.0,"IC50"
"CN(C)c1nc(N[C@H]2CC[C@@H](NC(=O)c3cccc(F)c3)CC2)nc2ccccc12",1,130.0,"IC50"
"CN(C)c1nc(N[C@H]2CC[C@@H](NC(=O)c3cccc([N+](=O)[O-])c3)CC2)nc2ccccc12",1,97.0,"IC50"
"CN(C/C=C/C#CC(C)(C)C)Cc1cccc2ccccc12",1,3920.75,"Ki, IC50"
"CN(C[C@@H](CC[N+]12CCC(C3CCCCC3)(CC1)CC2)c1ccc(Cl)c(Cl)c1)C(=O)c1cc(C(F)(F)F)cc(C(F)(F)F)c1",0,,
"CN(Cc1ccc(Br)cc1OC(F)(F)F)CC1CCC(CNc2nc(N(C)C)c3ccccc3n2)CC1",1,44.0,"IC50"
"CN(Cc1ccc(C(C)(C)C)cc1)Cc1cccc2ccccc12",1,2505.45,"IC50, Ki"
"CN(Cc1cnc2nc(N)nc(N)c2n1)c1ccc(C(=O)N[C@@H](CCC(=O)O)C(=O)O)cc1",0,,
"CN(c1cccc2c1CCCC2c1c[nH]cn1)S(C)(=O)=O",1,85.11,"Ki"
"CN1C(=O)N(c2ccccc2Br)Cc2cnc(Nc3ccc4c(c3)OCC(CO)O4)nc21",0,,
"CN1CC2C(=NO[C@H]2CN2CCN(C/C=C/c3ccccc3)CC2)c2ccccc21",1,1.6,"Ki"
"CN1CCC(=C2c3ccccc3C=Cc3ccccc32)CC1",1,194.5,"IC50, Ki"
"CN1CCC(=C2c3ccccc3CC(=O)c3sccc32)CC1",1,1503.5,"IC50, Ki"
"CN1CCC2C(C1)c1cccc3c1N2c1ccccc1CS3",1,63.1,"Ki"
"CN1CCCC(CN2c3ccccc3Sc3ccccc32)C1",1,1001.0,"Ki, IC50"
"CN1CCCC1=O",0,,
"CN1CCCCC1CCn1c2ccccc2c2ccccc21",1,1200.0,"Ki"
"CN1CCCCC1CCn1cnc2ccccc21",0,11000.0,"Ki"
"CN1CCN(C(c2ccccc2)c2ccccc2)CC1",1,1066.5,"IC50, Ki"
"CN1CCN(C2=Nc3cc(Cl)ccc3N(NC(=O)c3c(F)cccc3C(F)(F)F)c3ccccc32)CC1",1,2000.0,"Ki"
"CN1CCN(C2=Nc3cc(Cl)ccc3N(NC(=O)c3c(N)cccc3Cl)c3ccccc32)CC1",1,327.0,"Ki"
"CN1CCN(C2=Nc3cc(Cl)ccc3N(NC(=O)c3cccc4ccccc34)c3ccccc32)CC1",1,882.0,"Ki"
"CN1CCN(C2=Nc3cc(Cl)ccc3N(NC(=O)c3ccccc3Cl)c3ccccc32)CC1",1,455.0,"Ki"
"CN1CCN(C2=Nc3cc(Cl)ccc3Nc3ccccc32)CC1",1,266.6,"Ki, Ki, Ki, IC50, Ki"
"CN1CCN(CCCN2c3ccccc3Sc3ccc(Cl)cc32)CC1",1,116.0,"IC50, Ki"
"CN1CCN(Cc2cc(-c3ccc4nc(O)oc4c3)co2)[C@@H](c2ccc(F)cc2)C1",0,,
"CN1CCN(c2cc(-c3ccc(C#N)cc3)nc(N)n2)CC1",1,74.0,"Ki"
"CN1CCN(c2ccc(Nc3c(CO)cnc4cc(Cl)ccc34)cc2)CC1(C)C",1,1305.0,"Ki, Kb"
"CN1CCN(c2ccc(Nc3c(CO)cnc4ccccc34)cc2)CC1(C)C",1,1850.0,"Ki"
"CN1CCN(c2ccc(Nc3c4ccccc4nc4ccccc34)cc2)CC1",1,3200.0,"Ki"
"CN1CCN(c2ccccc2/C=C2\SCCN(c3ccc(Cl)c(Cl)c3)C2=O)CC1",0,,
"CN1CCN2c3ncccc3Cc3ccccc3C2C1",1,52.555,"IC50, Ki"
"CN1CCc2c(Cl)ccc3oc(Br)c(c23)C1",1,54.0,"Ki"
"CN1CCc2c(c3cccc4c3n2Cc2ccccc2C4)C1",1,1809.85,"Ki, Ki"
"CN1CCc2ccc3c4c2[C@H]1Cc1cccc(c1-4)[C@@H]3N",1,92.8,"Ki"
"CN1CCc2cccc(Cl)c2CC1",1,9.4,"Ki"
"CN1COCN(Cc2cnc(Cl)s2)C1=N[N+](=O)[O-]",0,,
"CN1C[C@@H]2C(=NO[C@H]2CN2CCN(C/C=C/c3ccccc3)CC2)c2ccccc21",1,1.6,"Ki"
"CN1C[C@H](C(=O)N[C@]2(C)O[C@@]3(O)[C@@H]4CCCN4C(=O)[C@H](Cc4ccccc4)N3C2=O)C[C@@H]2c3cccc4[nH]cc(c34)C[C@H]21",1,0.7095,"IC50, Ki"
"CN1C[C@H](CNC(=O)OCc2ccccc2)C[C@@H]2c3cccc4c3c(cn4C)C[C@H]21",1,37.0,"Ki, IC50, Activity"
"CN1[C@H]2CC[C@@H]1C[C@H](OC(c1ccccc1)c1ccccc1)C2",1,374.0,"IC50, Ki"
"CN1c2ccccc2Sc2cc(N)ccc21",1,6918.3,"Ki"
"CN=C=S",0,,
"CNC(=O)/C=C(\C)OP(=O)(OC)OC",0,,
"CNC(=O)C1=C(C)NC(C)=C(C(=O)NCCCN2CCC(C(=O)OC)(c3ccccc3)CC2)C1c1ccc([N+](=O)[O-])cc1",1,760.0,"Ki"
"CNC(=O)C1=C(C)NC(C)=C(C(=O)NCCCN2CCC(c3ccccc3)(c3ccccc3)CC2)C1c1ccc([N+](=O)[O-])cc1",1,398.055,"Ki, Ki"
"CNC(=O)C1=C(C)NC(C)=C(C(=O)NCCCN2CCC(c3ccccc3)(c3ccccc3)CC2)C1c1ccc2c(c1)OCO2",1,2089.3,"Ki"
"CNC(=O)CSP(=S)(OC)OC",0,,
"CNC(=O)N(C)c1nnc(C(C)(C)C)s1",0,,
"CNC(=O)ON=C(SC)C(=O)N(C)C",0,,
"CNC(=O)ON=CC(C)(C)SC",0,,
"CNC(=O)Oc1cccc(N=CN(C)C)c1",0,,
"CNC(=O)Oc1cccc2c1OC(C)(C)C2",0,,
"CNC(=O)Oc1cccc2c1OC(C)(C)O2",0,,
"CNC(=O)[C@H]1O[C@@H](n2cnc3c(NCc4cc(Cl)ccc4OCc4cc(C)no4)ncnc32)[C@H](O)[C@@H]1N",0,,
"CNC(=O)c1cccc(-c2ccccc2[C@@H]2Cc3nccn3C2)c1",1,202.0,"Ki"
"CNC(=O)c1cccc2c1CCC2c1ncc[nH]1",1,4340.0,"EC50"
"CNC(=S)[S-]",0,,
"CNC(C)=O",0,,
"CNCC1CC2c3ccccc3Cc3ccccc3N2O1",1,436.52,"IC50"
"CNCCC(Oc1ccc(C(F)(F)F)cc1)c1ccccc1",1,6.31,"Ki"
"CNC[C@H](O)c1ccc(O)c(O)c1",1,300.8,"Ki, IC50, Ki, EC50"
"CNCc1cc(F)ccc1Oc1ccc(Cl)c(Cl)c1",0,,
"CNCc1ccc(NC(=O)c2c[nH]c3c2C(=O)CCC3)cc1",0,,
"CNS(=O)(=O)CCc1ccccc1[C@@H]1Cc2nccn2C1",1,280.0,"Ki"
"CNS(=O)(=O)c1cc(C(=O)N2CCC(CCN3C4CCC3CC(n3c(C)nc5ccccc53)C4)(c3cccc(F)c3)CC2)c(Cl)cc1F",0,,
"CN[C@H]1CC[C@@H](c2ccc(Cl)c(Cl)c2)c2ccccc21",1,198.55,"IC50, Ki"
"CO/C(O)=C1\C(C)=NC(C)=C(C(=O)N(C)CCCN2CCC(c3ccccc3)(c3ccccc3)CC2)C1c1ccc([N+](=O)[O-])cc1",1,676.08,"Ki"
"CO/C(O)=C1\C(C)=NC(C)=C(C(=O)NCCCCN2CCC(c3ccccc3)(c3ccccc3)CC2)C1c1ccc([N+](=O)[O-])cc1",1,645.65,"Ki"
"CO/C(O)=C1\C(C)=NC(C)=C(C(=O)NCCCN2CCC(c3ccccc3)(c3ccccc3)CC2)C1c1ccc(C)cc1",1,1288.25,"Ki"
"CO/C(O)=C1\C(C)=NC(C)=C(C(=O)NCCCN2CCC(c3ccccc3)(c3ccccc3)CC2)C1c1ccc(Cl)c(Cl)c1",1,912.01,"Ki"
"CO/C(O)=C1\C(C)=NC(C)=C(C(=O)NCCCN2CCC(c3ccccc3)(c3ccccc3)CC2)C1c1ccc(OC)cc1",1,2187.76,"Ki"
"CO/C(O)=C1\C(C)=NC(C)=C(C(=O)NCCCN2CCC(c3ccccc3)(c3ccccc3)CC2)C1c1ccc([N+](=O)[O-])c(OC)c1",1,630.96,"Ki"
"CO/C(O)=C1\C(C)=NC(C)=C(C(=O)NCCCN2CCC(c3ccccc3)(c3ccccc3)CC2)C1c1ccc2c(c1)OCO2",1,1122.02,"Ki"
"CO/C(O)=C1\C(C)=NC(C)=C(C(=O)NCCCN2CCC(c3ccccc3)(c3ccccc3)CC2)C1c1ccc2ccccc2c1",1,1584.89,"Ki"
"CO/C(O)=C1\C(C)=NC(C)=C(C(=O)NCCCN2CCC(c3ccccc3)(c3ccccc3)CC2)[C@H]1c1ccc([N+](=O)[O-])cc1",1,1300.0,"Ki"
"CO/C(O)=C1\C(C)=NC(C)=C(C(=O)NCCCN2CCC(c3ccccc3)CC2)C1c1ccc(Cl)c([N+](=O)[O-])c1",1,109.65,"Ki"
"CO/C(O)=C1\C(C)=NC(C)=C(C(=O)NCCCN2CCC(c3ccccc3)CC2)C1c1ccc([N+](=O)[O-])cc1",1,275.42,"Ki"
"CO/C(O)=C1\C(C)=NC(C)=C(C(=O)NCCN2CCC(c3ccccc3)(c3ccccc3)CC2)C1c1ccc([N+](=O)[O-])cc1",1,446.68,"Ki"
"CO/C(O)=C1\C(C)=NC(C)=C(C(=O)OCCCN2CCC(c3ccccc3)(c3ccccc3)CC2)C1c1ccc([N+](=O)[O-])cc1",1,800.0,"Ki"
"CO/N=C/c1ccccc1OC(C)C1=NCCN1",1,660.69,"Ki"
"COC(=O)C1=C(C)NC(C)=C(C(=O)NCCCN2CCC(c3ccccc3)(c3ccccc3)CC2)C1c1ccc([N+](=O)[O-])cc1",1,1843.8519999999999,"Ki, Ki, Ki, Ki, Ki"
"COC(=O)C1=C(C)NC(C)=C(C(=O)NCCCN2CCC(c3ccccc3)(c3ccccc3)CC2)C1c1cccc([N+](=O)[O-])c1",1,1550.0,"Ki"
"COC(=O)C1=C(C)NC(C)=C(C(=O)OCCCN2CCC(c3ccccc3)(c3ccccc3)CC2)C1c1ccc([N+](=O)[O-])cc1",1,1023.0,"Ki"
"COC(=O)C1=C(C)NC(C)=C(C(=O)OCCCN2CCC(c3ccccc3)(c3ccccc3)CC2)[C@@H]1c1cccc([N+](=O)[O-])c1",1,900.0,"Ki"
"COC(=O)C1=C(C)NC(C)=C(C(=O)OCCCN2CCC(c3ccccc3)(c3ccccc3)CC2)[C@H]1c1cccc([N+](=O)[O-])c1",1,587.5,"Ki, Ki"
"COC(=O)C1=CO[C@@H](C)[C@@H]2CN3CCc4c([nH]c5ccccc45)[C@H]3C[C@H]12",1,106.0,"Ki"
"COC(=O)CCC(=O)OC",0,,
"COC(=O)CCCC(=O)OC",0,,
"COC(=O)CSc1cc(/N=c2\sc(=O)n3n2CCCC3)c(F)cc1Cl",0,,
"COC(=O)N(C(=O)N1CO[C@@]2(C(=O)OC)Cc3cc(Cl)ccc3C2=N1)c1ccc(OC(F)(F)F)cc1",0,,
"COC(=O)NC(=S)Nc1ccccc1NC(=S)NC(=O)OC",0,,
"COC(=O)NS(=O)(=O)c1ccc(N)cc1",0,,
"COC(=O)[C@@H]1[C@@H](O)CC[C@H]2CN3CCc4c([nH]c5ccccc45)[C@@H]3C[C@H]12",1,1218.0,"Ki"
"COC(=O)[C@H]1[C@@H](O)CC[C@H]2CN3CCc4c([nH]c5ccccc45)[C@@H]3C[C@@H]21",1,4.213454545454546,"Ki, Ki, EC50, IC50, Ki, IC50, Ki, Ki, Ki, IC50, Ki"
"COC(=O)[C@H]1[C@H]2C[C@@H]3c4[nH]c5cc(OC)ccc5c4CCN3C[C@H]2C[C@@H](OC(=O)c2cc(OC)c(OC)c(OC)c2)[C@@H]1OC",0,,
"COC(=O)c1c(Cl)c(Cl)c(C(=O)OC)c(Cl)c1Cl",0,,
"COC(=O)c1c(Cl)nn(C)c1S(=O)(=O)NC(=O)Nc1nc(OC)cc(OC)n1",0,,
"COC(=O)c1ccc(C(=O)OC)cc1",0,,
"COC(=O)c1ccc(CNS(C)(=O)=O)cc1S(=O)(=O)NC(=O)Nc1nc(OC)cc(OC)n1",0,,
"COC(=O)c1cccc(C)c1S(=O)(=O)NC(=O)Nc1nc(OCC(F)(F)F)nc(N(C)C)n1",0,,
"COC(=O)c1ccccc1C(=O)O",0,,
"COC(=O)c1ccccc1C(=O)OC",0,,
"COC(=O)c1ccccc1CS(=O)(=O)NC(=O)Nc1nc(OC)cc(OC)n1",0,,
"COC(=O)c1ccccc1O",0,,
"COC(=O)c1ccccc1S(=O)(=O)NC(=O)N(C)c1nc(C)nc(OC)n1",0,,
"COC(=O)c1ccccc1S(=O)(=O)NC(=O)Nc1nc(OC(F)F)cc(OC(F)F)n1",0,,
"COC(O)C=C(C)O[PH](O)(OC)OC",0,,
"COC(c1c[nH]cn1)c1cccc2ccccc12",0,379800.0,"IC50"
"COC1(C2=NCCN2)COc2cccc(-c3ccccc3)c2O1",1,125.89,"Ki"
"COC1(C2=NCCN2)COc2ccccc2O1",1,1.13405,"Ki, Ki"
"COC1Cc2ccccc2C2(CCN(CCCc3ccccc3)CC2)O1",1,3100.0,"IC50"
"COC1OC2(CCN(Cc3ccccc3)CC2)c2ccccc21",1,6200.0,"IC50"
"COCC(=O)N(c1c(C)cccc1C)C(C)C(=O)OC",0,,
"COCC(=O)Oc1ccc2c(c1)OC[C@@H]1C2=NO[C@H]1CN1CCN(C/C(C)=C/c2ccccc2)CC1",1,0.7,"Ki"
"COCC(C)N(C(=O)CCl)c1c(C)csc1C",0,,
"COCCCOc1cc(C(=O)N(C[C@@H]2CNC[C@H]2OC(=O)NCc2ccccc2)C(C)C)ccc1OC",1,1000.0,"IC50"
"COCCOCCO",0,,
"COCCOCCOCCOC",0,,
"COCCOC[C@H](CC1(C(=O)N[C@H]2CC[C@@H](C(=O)O)CC2)CCCC1)C(=O)Oc1ccc2c(c1)CCC2",0,,
"COCCOc1cc2cc(C(=O)NC3CCN(C(C)C)CC3)n(CC(=O)Nc3ccc(Cl)cn3)c2cn1",1,,
"COCc1cnc(C2=NC(C)(C(C)C)C(=O)N2)c(C(=O)O)c1",0,,
"CON(C)C(=O)Nc1ccc(Cl)c(Cl)c1",0,,
"CON=C(C(=O)OC)c1ccccc1CON=C(C)c1cccc(C(F)(F)F)c1",0,,
"COP(=O)(OC)C(O)C(Cl)(Cl)Cl",0,,
"COP(=O)(OC)O/C(C)=C/C(=O)N(C)C",0,,
"COP(=O)(OC)OC(Br)C(Cl)(Cl)Br",0,,
"COP(=O)(OC)OC=C(Cl)Cl",0,,
"COP(=O)(OC)SCn1c(=O)oc2cc(Cl)cnc21",0,,
"COP(=S)(OC)Oc1ccc(SC)c(C)c1",0,,
"COP(=S)(OC)Oc1ccc([N+](=O)[O-])c(C)c1",0,,
"COP(=S)(OC)Oc1ccc([N+](=O)[O-])cc1",0,,
"COP(=S)(OC)SCN1C(=O)c2ccccc2C1=O",0,,
"COP(=S)(OC)SCn1nnc2ccccc2c1=O",0,,
"COP(N)(=O)SC",0,,
"COS(=O)(=O)OC",0,,
"COS(=O)(=O)[O-].Cn1c(-c2ccccc2)cc(-c2ccccc2)[n+]1C",1,,
"COS(C)(=O)=O",0,,
"CO[C@@H]1COCC[C@@H]1[NH2+][C@@H]1CC[C@@](C(=O)N2CCc3ncc(C(F)(F)F)cc3C2)(C(C)C)C1.O=C([O-])CCC(=O)O",0,,
"CO[C@@H]1c2ccccc2[C@H]2C[C@]21c1c[nH]cn1",1,11.75,"Ki"
"CO[C@H]1[C@H]([C@@]2(C)O[C@@H]2CC=C(C)C)[C@]2(CC[C@H]1OC(=O)NC(=O)CCl)CO2",0,,
"COc1c(C(C)(C)C)cc(C)c(Nc2ncc[nH]2)c1C",1,4.9,"Ki"
"COc1c(C)ccc2c1CCC2c1ncc[nH]1",1,327.0,"EC50"
"COc1c(Cl)ccc(Cl)c1C(=O)O",0,,
"COc1c(OCCF)cccc1C(=O)C1CCN(CCc2ccc(F)cc2)CC1",1,863.0,"Ki"
"COc1cc(-c2ccc(N)c(OC)c2)ccc1N",0,,
"COc1cc(C(=O)NC2CCN(C)CC2)ccc1Nc1ncc2c(n1)N(C1CCCC1)CC(F)(F)C(=O)N2C",1,,
"COc1cc(C(C)C)c2c(c1)S(=O)(=O)N(COc1cc(=O)n3cccc(OCCN4CCCCC4)c3n1)C2=O",1,,
"COc1cc(C=O)ccc1O",0,,
"COc1cc(Cl)c(OC)cc1Cl",0,,
"COc1cc(N)c(Cl)cc1C(=O)NC1CCN(CCCOc2ccc(F)cc2)CC1OC",1,1221.5,"IC50, Ki"
"COc1cc(OC)nc(NC(=O)[N-]S(=O)(=O)c2ncccc2OCC(F)(F)F)n1",0,,
"COc1cc(OC)nc(Sc2cccc(Cl)c2C(=O)[O-])n1",0,,
"COc1cc(S(=O)(=O)[O-])c(C)cc1/N=N/c1c(O)ccc2cc(S(=O)(=O)[O-])ccc12",0,,
"COc1cc2c(cc1OC)C1=NOC(CN3CCN(C/C(C)=C/c4ccccc4)CC3)C1CN2",1,30.233333333333334,"Ki, Ki, Ki"
"COc1cc2c(cc1OC)C1=NOC(CN3CCN(C/C=C(\C)c4ccccc4)CC3)C1CO2",1,1.4,"Ki"
"COc1cc2c(cc1OC)C1=NOC(CN3CCN(C/C=C/c4ccc(F)cc4)CC3)C1CO2",1,60.0,"Ki, Ki, Ki"
"COc1cc2c(cc1OC)C1=NOC(CN3CCN(C/C=C/c4ccccc4)CC3)C1CO2",1,8.8,"Ki"
"COc1cc2c(cc1OC)C1=NOC(CN3CCN(CC4=Cc5ccccc5C4)CC3)C1CO2",1,22.0,"Ki"
"COc1cc2c(cc1OC)C1=NOC(CN3CCN(CCC(=O)c4ccccc4)CC3)C1CO2",1,12.0,"Ki"
"COc1cc2c(cc1OC)C1=NOC(CN3CCN(Cc4cc5ccccc5s4)CC3)C1CO2",1,98.0,"Ki"
"COc1cc2c(cc1OC)C1=NOC(CN3CCN(Cc4ccc5ccccc5c4)CC3)C1CO2",1,5.0,"Ki"
"COc1cc2c(cc1OC)C1=NOC(CN3CCN(Cc4ccc5ncccc5c4)CC3)C1CO2",1,117.0,"Ki"
"COc1cc2c(cc1OC)C1=NOC(CN3CCN(Cc4cccc5ccccc45)CC3)C1CO2",1,234.0,"Ki"
"COc1cc2c(cc1OC)C1=NOC(CN3CCN(Cc4ccccc4)CC3)C1CO2",1,186.0,"Ki"
"COc1cc2c(cc1OC)C1=NOC(CN3CCN(Cc4csc5ccccc45)CC3)C1CO2",1,66.0,"Ki"
"COc1cc2c(cc1OC)C1=NO[C@@H](CN3CCN(C/C(C)=C/c4cc(F)ccc4F)CC3)[C@@H]1CO2",1,0.3,"Ki"
"COc1cc2c(cc1OC)C1=NO[C@@H](CN3CCN(C/C(C)=C/c4ccc(F)cc4)CC3)[C@@H]1CO2",1,8.299999999999999,"Ki, Ki, Kb, Ki, Ki"
"COc1cc2c(cc1OC)C1=NO[C@@H](CN3CCN(C/C(C)=C/c4cccc(F)c4F)CC3)[C@@H]1CO2",1,3.0,"Ki"
"COc1cc2c(cc1OC)C1=NO[C@@H](CN3CCN(C/C(C)=C/c4ccccc4)CC3)[C@@H]1CN2",1,2.4,"Ki"
"COc1cc2c(cc1OC)C1=NO[C@@H](CN3CCN(C/C(C)=C/c4cccnc4)CC3)[C@@H]1CO2",1,22.0,"Ki"
"COc1cc2c(cc1OC)C1=NO[C@@H](CN3CCN(C/C(C)=C/c4cccs4)CC3)[C@@H]1CO2",1,1.7,"Ki"
"COc1cc2c(cc1OC)C1=NO[C@@H](CN3CCN(C/C(C)=C/c4ccsc4)CC3)[C@@H]1CO2",1,1.1,"Ki"
"COc1cc2c(cc1OC)C1=NO[C@@H](CN3CCN(C/C=C(\C)c4ccc(F)cc4F)CC3)[C@@H]1CO2",1,9.3,"Ki"
"COc1cc2c(cc1OC)C1=NO[C@@H](CN3CCN(C/C=C(\C)c4ccc(O)cc4)CC3)[C@@H]1CO2",1,1.9,"Ki"
"COc1cc2c(cc1OC)C1=NO[C@@H](CN3CCN(C/C=C(\C)c4ccccc4)CC3)[C@@H]1CN2",1,6.5,"Ki"
"COc1cc2c(cc1OC)C1=NO[C@@H](CN3CCN(C/C=C(\C)c4ccccc4)CC3)[C@@H]1CO2",1,6.459999999999999,"Ki, Ki, Ki, Ki, Ki"
"COc1cc2c(cc1OC)C1=NO[C@@H](CN3CCN(C/C=C(\C)c4ccccc4OC)CC3)[C@@H]1CO2",1,5.2,"Ki"
"COc1cc2c(cc1OC)C1=NO[C@@H](CN3CCN(C/C=C(\C)c4ccco4)CC3)[C@@H]1CO2",1,0.5,"Ki"
"COc1cc2c(cc1OC)C1=NO[C@@H](CN3CCN(C/C=C(\C)c4ccsc4)CC3)[C@@H]1CO2",1,1.4,"Ki"
"COc1cc2c(cc1OC)C1=NO[C@@H](CN3CCN(C/C=C/c4ccc(F)cc4)CC3)[C@@H]1CO2",1,9.0,"Ki"
"COc1cc2c(cc1OC)C1=NO[C@@H](CN3CCN(C/C=C/c4cccc(F)c4)CC3)[C@@H]1CO2",1,5.9,"Ki"
"COc1cc2c(cc1OC)C1=NO[C@@H](CN3CCN(C/C=C/c4ccccc4)CC3)[C@@H]1CN2",1,7.9,"Ki"
"COc1cc2c(cc1OC)C1=NO[C@@H](CN3CCN(Cc4ccc5ccccc5c4)CC3)[C@@H]1CO2",1,25.149999999999995,"Ki, Ki, Ki, Ki"
"COc1cc2c(cc1OC)CN(Cc1ccc(OC)c3oc(-c4ccccc4)cc13)CC2",1,1742.0,"Ki"
"COc1cc2c(cc1OC)CN(Cc1ccc(OC)c3oc(-c4ccccc4C(F)(F)F)cc13)CC2",1,304.0,"Ki"
"COc1cc2c(cc1OC)CN(Cc1ccc(OC)c3oc(-c4ccccc4F)cc13)CC2",1,857.0,"Ki"
"COc1cc2c(cc1OC)CN(Cc1ccc(OC)c3oc(-c4ccccn4)cc13)CC2",1,135.0,"Ki"
"COc1cc2c(cc1OC)CN(Cc1ccc(OC)c3oc(-c4ccco4)cc13)CC2",1,204.0,"Ki"
"COc1cc2c(cc1OC)CN(Cc1ccc(OC)c3oc(C(=O)NC4CN5CCC4CC5)cc13)CC2",1,42.0,"Ki"
"COc1cc2c(cc1OC)CN(Cc1ccc(OC)c3oc(C(=O)NCCN(C)C)cc13)CC2",1,454.0,"Ki"
"COc1cc2c3c(c1OC)-c1cc4c(cc1CC3N(C)CC2)OCO4",1,1288.0,"Ki"
"COc1cc2c3c(c1OC)-c1cc4c(cc1CC3N(C)CC2c1ccccc1)OCO4",1,719.0,"Ki"
"COc1cc2c3c(c1OCc1ccc(Br)cc1)-c1cc4c(cc1CC3N(C)CC2)OCO4",1,300.0,"Ki"
"COc1cc2nc(C)c(CCN3CCc4oc5ccccc5c4C3)c(=O)n2cc1OC",1,3.548,"IC50"
"COc1cc2nc(N3CCN(C(=O)C4CCCO4)CC3)nc(N)c2cc1OC",1,4220.090000000001,"IC50, Ki, Ki, Ki, Ki, Ki"
"COc1cc2nc(N3CCN(C(=O)C4COc5ccccc5O4)CC3)nc(N)c2cc1OC",1,729.0,"Ki"
"COc1cc2oc(C(=O)N(CCCN3CCCCC3)c3ccccc3)c(C)c2cc1OC",1,945.0,"Ki"
"COc1ccc(-n2nc(C(F)F)cc2-c2ccc(S(C)=O)cc2)cc1",0,,
"COc1ccc(C(=CC(=O)N2CCOCC2)c2ccc(Cl)cc2)cc1OC",0,,
"COc1ccc(C(c2ccc(OC)cc2)C(Cl)(Cl)Cl)cc1",0,,
"COc1ccc(C)cc1N",0,,
"COc1ccc(CCN(CCCc2ccccc2)CCc2ccc3c(c2)OCO3)cc1OC",1,102.0,"Ki"
"COc1ccc(CCN2CCC(Nc3nc4ccccc4n3Cc3ccc(F)cc3)CC2)cc1",1,3331.5,"IC50, Ki"
"COc1ccc(CN[C@H]2C3C4CC5C6C4CC3C6C52)cc1OC",1,5211.0,"Ki"
"COc1ccc(Nc2ncc[nH]2)c(C)c1",1,10.0,"Ki"
"COc1ccc(Nc2ncc[nH]2)c(C)c1OC",1,130.0,"Ki"
"COc1ccc(O)c(C(C)(C)C)c1",0,,
"COc1ccc(OC(F)(F)F)cc1CN[C@H]1CCCN[C@H]1c1ccccc1",1,,
"COc1ccc(OC)c(C(O)CN)c1",1,1445.44,"Ki"
"COc1ccc(S(=O)(=O)N2C(=O)[C@@](c3ccccc3OC)(N3C[C@H](O)C[C@H]3C(=O)N(C)C)c3cc(Cl)ccc32)c(OC)c1",0,,
"COc1ccc(S(C)(=O)=O)c(NCC2=NCCN2)c1",1,5647.363333333333,"EC50, EC50, Ki"
"COc1ccc(SC)c(NCC2=NCCN2)c1",1,288.33,"EC50, EC50, Ki"
"COc1ccc([N+](=O)[O-])cc1N",0,,
"COc1ccc2c(c1)C1=NOC(CN3CCN(C/C=C/c4ccccc4)CC3)C1CO2",1,0.8,"Ki"
"COc1ccc2c(c1)C=C[C@@H]1C2=NO[C@H]1CN1CCN(C/C=C/c2ccccc2)CC1",1,1.8,"Ki"
"COc1ccc2c(c1)C=C[C@@H]1C2=NO[C@H]1CN1CCN(Cc2ccc3ccccc3c2)CC1",1,1.8,"Ki"
"COc1ccc2c(c1)CCC1(CN=CN1)C2",1,87.0,"Ki"
"COc1ccc2c(c1)OCC1C2=NOC1CN1CCN(C/C=C/c2ccccc2)CC1",1,0.5,"Ki"
"COc1ccc2c(c1)[nH]c1c(C)nccc12",1,2540.0,"Ki"
"COc1ccc2c3c([nH]c2c1)CNCC3",1,1370.0,"Ki"
"COc1ccc2sc(C(=O)Nc3nnn[n-]3)c(OC(C)C)c2c1",0,,
"COc1cccc(-c2cc3c(CN4CCc5cc(OC)c(OC)cc5C4)ccc(OC)c3o2)c1",1,2552.0,"Ki"
"COc1cccc(-c2ccc(/C=C\CN3CCCCCC3)cc2Cl)c1",1,,
"COc1cccc(N(NC2=NCCN2)c2ccc(C)cc2)c1",1,6.3,"Ki"
"COc1cccc(N2CCN(CCCCn3ncc(=O)n(C)c3=O)CC2)c1",1,250.0,"Ki"
"COc1cccc(OC)c1C(=O)NN1c2ccc(Cl)cc2N=C(N2CCN(C)CC2)c2ccccc21",1,169.0,"Ki"
"COc1cccc(OC)c1OCCNCC1COc2ccccc2O1",1,3.5,"Ki"
"COc1cccc([C@H](O)C2CCN(CCc3ccc(F)cc3)CC2)c1OC",1,,
"COc1cccc2c1CC1(CC2)CN=CN1",1,51.0,"Ki"
"COc1cccc2c1CCC2c1ncc[nH]1",1,27.0,"EC50"
"COc1cccc2c1CCC[C@H]2CN(C)CCc1ccc2ccoc2c1",1,2.45,"Ki, Ki"
"COc1ccccc1/C=C(\C)CN1CCN(C[C@@H]2ON=C3c4cc(OC)c(OC)cc4OC[C@H]32)CC1",1,1.0,"Ki"
"COc1ccccc1CCN1C2C3C4CC5C6C4C2C6C1(O)C53",1,1301.0,"Ki"
"COc1ccccc1N",0,,
"COc1ccccc1N1CCN(CC2CN3C(=O)Nc4ccccc4C3=N2)CC1",1,547.0,"Ki"
"COc1ccccc1N1CCN(CC2COc3ccccc3O2)CC1",1,336.5,"Ki, Ki"
"COc1ccccc1N1CCN(CCCCCCNC(=O)c2ccc3ccccc3c2)CC1",1,6.15,"Ki"
"COc1ccccc1N1CCN(CCCCCNS(=O)(=O)c2ccc3ccccc3c2)CC1",1,8.53,"Ki"
"COc1ccccc1N1CCN(CCCCNC(=O)c2ccc3ccccc3c2)CC1",1,2.75,"Ki"
"COc1ccccc1N1CCN(CCCCNS(=O)(=O)c2ccc3ccccc3c2)CC1",1,4.1,"Ki"
"COc1ccccc1N1CCN(CCCCn2ncc(=O)n(C)c2=O)CC1",1,96.0,"Ki"
"COc1ccccc1N1CCN(CCCNC(=O)c2ccc3ccccc3c2)CC1",1,4.59,"Ki"
"COc1ccccc1N1CCN(CCCNS(=O)(=O)c2ccc3ccccc3c2)CC1",1,4.64,"Ki"
"COc1ccccc1N1CCN(CCCNc2c(C)c(=O)n(C)c(=O)n2C)CC1",1,612.0,"Ki"
"COc1ccccc1N1CCN(CCNS(=O)(=O)c2ccc3ccccc3c2)CC1",1,5.19,"Ki"
"COc1ccccc1N1CCN(CCn2c(=O)[nH]c3ccccc3c2=O)CC1",1,1811.0,"Ki"
"COc1ccccc1N1CCN(CCn2c(=O)[nH]c3scc(-c4cccc(C)c4)c3c2=O)CC1",1,82.5,"Ki"
"COc1ccccc1N1CCN(CCn2c(=O)[nH]c3scc(-c4ccccc4)c3c2=O)CC1",1,77.8,"Ki"
"COc1ccccc1N1CCN(C[C@@H]2CN=C3c4ccccc4N=C(SC)N32)CC1",1,3000.0,"Ki"
"COc1ccccc1N1CCN(C[C@H]2CN=C3c4ccccc4N=C(SC)N32)CC1",1,872.0,"Ki"
"COc1ccccc1N1CCN(C[C@H]2CN=C3c4ccccc4NC(=O)N32)CC1",1,444.0,"Ki"
"COc1ccccc1OC(C)C1=NCCN1",1,57.54,"Ki"
"COc1ccccc1OCCNCC(O)COc1cccc2[nH]c3ccccc3c12",1,73.0,"IC50, Ki"
"COc1cnc(OC)n2nc(NS(=O)(=O)c3c(OCC(F)F)cccc3C(F)(F)F)nc12",0,,
"COc1nc(C)nc(Cl)c1NC1=NCCN1",1,150.0,"Ki"
"COc1nc(C)nc(NC(=O)NS(=O)(=O)c2ccccc2CCC(F)(F)F)n1",0,,
"COc1nc(C)nc(NC(=O)NS(=O)(=O)c2ccccc2Cl)n1",0,,
"COc1nc(C)nc(NC(=O)NS(=O)(=O)c2ccccc2OCCCl)n1",0,,
"COc1nc(NC(C)C)nc(NC(C)C)n1",0,,
"CS(=O)(=O)NC(=O)c1cc(Oc2ccc(C(F)(F)F)cc2Cl)ccc1[N+](=O)[O-]",0,,
"CS(=O)(=O)Nc1c(O)ccc2c1CCCC2C1=NCCN1",1,33.11,"Ki, Ki"
"CS(=O)(=O)Nc1c(O)ccc2c1CCCC2c1c[nH]cn1",1,44.67,"Ki"
"CS(=O)(=O)Nc1ccc(F)c([C@@H](O)CN)c1",1,10000.0,"EC50"
"CS(=O)(=O)Nc1cccc(-c2ccccc2[C@@H]2Cc3nccn3C2)c1",1,114.0,"Ki"
"CS(=O)(=O)Nc1cccc2c1CCCC2c1c[nH]cn1",1,104.71,"Ki"
"CS(=O)(=O)OCCCCOS(C)(=O)=O",0,,
"CS(=O)(=O)c1c(F)cccc1NCC1=NCCN1",1,8971.64,"Ki, EC50"
"CS(=O)(=O)c1cc(Cl)ccc1NCC1=NCCN1",1,7505.9349999999995,"Ki, EC50"
"CS(=O)(=O)c1cc(F)ccc1NCC1=NCCN1",1,5199.055,"Ki, EC50"
"CS(=O)(=O)c1ccc(C(=O)C2C(=O)CCCC2=O)c([N+](=O)[O-])c1",0,,
"CS(=O)(=O)c1ccc(C(F)(F)F)cc1NCC1=NCCN1",1,8971.64,"EC50, Ki"
"CS(=O)(=O)c1ccc(Cl)cc1NCC1=NCCN1",1,8971.64,"EC50, Ki"
"CS(=O)(=O)c1ccc(F)cc1NCC1=NCCN1",1,7233.42,"EC50, Ki"
"CS(=O)(=O)c1ccc([C@@H](CC2CCCC2)C(=O)Nc2cnccn2)cc1Cl",0,,
"CS(=O)(=O)c1ccc([C@@H](C[C@H]2CCC(=O)C2)C(=O)Nc2cnccn2)cc1Cl",0,,
"CS(=O)(=O)c1ccccc1NCC1=NCCN1",1,7811.705,"EC50, Ki"
"CSC(=O)c1c(C(F)F)nc(C(F)(F)F)c(C(=O)SC)c1CC(C)C",0,,
"CSC(=O)c1cccc2nnsc12",0,,
"CSC(C)(C)C=NO",0,,
"CSC1=N[C@@](C)(c2ccccc2)C(=O)N1Nc1ccccc1",0,,
"CSc1c(F)cccc1NCC1=NCCN1",1,132.98000000000002,"Ki, EC50"
"CSc1cc(F)ccc1NCC1=NCCN1",1,187.555,"EC50, Ki"
"CSc1ccc(C)cc1NCC1=NCCN1",1,44.11,"EC50, Ki"
"CSc1ccc(Cl)cc1NCC1=NCCN1",1,24.0,"EC50, Ki"
"CSc1ccc(F)cc1NCC1=NCCN1",1,21.66,"EC50, Ki"
"CSc1ccc(Oc2ccc(S(N)(=O)=O)cc2CN(C)C)cc1C",1,,
"CSc1ccc2c(c1)N(CCC1CCCCN1C)c1ccccc1S2",1,91.5,"IC50, Ki"
"CSc1ccccc1NCC1=NCCN1",1,43.835,"Ki, EC50"
"CSc1nc(NC(C)C)nc(NC(C)C)n1",0,,
"C[C@@H](CO)NC(=O)[C@@H]1C=C2c3cccc4[nH]cc(c34)C[C@H]2N(C)C1",1,1155.0,"Ki, IC50"
"C[C@@H](N)Cn1ncc2ccc(O)cc21",1,1990.0,"EC50"
"C[C@@H](Oc1ccc(CNC(=O)c2cccnc2Oc2ccc3c(c2)OCO3)c(F)c1)C(=O)O",0,,
"C[C@@H](Oc1ccccc1-c1cccc(O)c1)C1=NCCN1",1,39.81,"Ki"
"C[C@@H](Oc1ccccc1-c1cccc([N+](=O)[O-])c1)C1=NCCN1",1,81.28,"Ki, Ki"
"C[C@@H](Oc1ccccc1-c1ccccc1)C1=NCCN1",0,14513.264999999998,"Ki, EC50, EC50, Ki"
"C[C@@H](Oc1ccccc1-c1ccsc1)C1=NCCN1",1,1664.1200000000001,"EC50, Ki"
"C[C@@H](Oc1ccccc1C1CC1)C1=NCCN1",1,44.67,"Ki, Ki"
"C[C@@H](Oc1ccccc1CC1CC1)C1=NCCN1",1,44.67,"Ki, Ki"
"C[C@@H]1CN(c2ccc(Nc3c(CO)cnc4ccccc34)cc2)CCN1",1,9600.0,"Ki"
"C[C@@H]1CN(c2ccc(Nc3c(CO)cnc4ccccc34)cc2)CCN1C",1,2200.0,"Ki"
"C[C@@H]1C[C@H]2[C@@H]3CCC4=CC(=O)C=C[C@]4(C)[C@@]3(F)[C@@H](O)C[C@]2(C)[C@@]1(O)C(=O)COP(=O)([O-])[O-]",0,,
"C[C@@H]1O[C@@H](OC[C@H]2O[C@@H](Oc3c(-c4ccc(O)c(O)c4)oc4cc(O)cc(O)c4c3=O)[C@H](O)[C@@H](O)[C@@H]2O)[C@H](O)[C@H](O)[C@H]1O",1,9340.0,"Ki"
"C[C@H](N)Cc1c[nH]c2ccc3c(c12)CCCO3",0,19000.0,"IC50"
"C[C@H](N)Cn1ncc2ccc(O)cc21",1,2435.0,"Ki, EC50"
"C[C@H](Oc1ccccc1-c1cccc(O)c1)C1=NCCN1",1,97.72,"Ki"
"C[C@H](Oc1ccccc1-c1cccc([N+](=O)[O-])c1)C1=NCCN1",1,72.44,"Ki, Ki"
"C[C@H](Oc1ccccc1-c1ccsc1)C1=NCCN1",1,53.885000000000005,"EC50, Ki"
"C[C@H](Oc1ccccc1C1CC1)C1=NCCN1",1,20.89,"Ki, Ki"
"C[C@H](Oc1ccccc1CC1CC1)C1=NCCN1",1,41.69,"Ki, Ki"
"C[C@H]1C[C@H](C)C(=O)[C@H]([C@H](O)CC2CC(=O)NC(=O)C2)C1",0,,
"C[C@H]1[C@@H]2c3ccccc3C[C@]12c1c[nH]cn1",1,0.1738,"Ki"
"C[C@H]1[C@H]2CC[C@H]3[C@@H]4CC=C5C[C@@H](N(C)C)CC[C@]5(C)[C@H]4CC[C@]23CN1C",1,660.69,"Ki"
"C[C@H]1c2ccccc2[C@H]2C[C@@]12c1c[nH]cn1",1,0.2188,"Ki"
"C[C@]1(O)CC[C@H]2[C@@H]3CCC4=CC(=O)CC[C@]4(C)[C@H]3CC[C@@]21C",0,,
"C[C@]12C=CC3=C4CCC(=O)C=C4CC[C@H]3[C@@H]1CC[C@@H]2O",0,,
"C[C@]12CC(=O)[C@H]3[C@@H](CCC4=CC(=O)C=C[C@@]43C)[C@@H]1CC[C@]2(O)C(=O)CO",0,,
"C[C@]12CC[C@@H]3c4ccc(O)cc4CC[C@H]3[C@@H]1CCC2=O",0,,
"C[C@]12CC[C@@H]3c4ccc(O)cc4CC[C@H]3[C@@H]1CC[C@@H]2O",0,,
"C[C@]12CC[C@@H]3c4ccc(O)cc4CC[C@H]3[C@@H]1CC[C@H]2O",0,,
"C[C@]12CC[C@@H]3c4ccc(O)cc4C[C@@H](CCCCCCCCCS(=O)CCCC(F)(F)C(F)(F)F)[C@H]3[C@@H]1CC[C@@H]2O",0,,
"C[C@]12C[C@@]1(c1c[nH]cn1)Cc1ccccc12",1,0.4467,"Ki"
"C[C@]12C[C@H](O)[C@@]3(F)[C@@H](CCC4=CC(=O)C=C[C@@]43C)[C@@H]1C[C@@H](O)[C@]2(O)C(=O)CO",0,,
"C[C@]12C[C@H](O)[C@H]3[C@@H](CCC4=CC(=O)CC[C@@]43C)[C@@H]1CC[C@@H]2C(=O)CO",0,,
"C[N+](C)(C)CC1CO1",0,,
"C[N+]1(C)CCCCC1",0,,
"C[S+]([O-])c1ccccc1NCC1=NCCN1",1,5488.62,"Ki, EC50"
"C[Si]1(C)O[Si](C)(C)O[Si](C)(C)O[Si](C)(C)O1",0,,
"Cc1[nH]c(=O)n(C(C)(C)C)c(=O)c1Cl",0,,
"Cc1[nH]cnc1C[C@H]1CCc2c(C)c3ccccc3n2C1=O",1,,
"Cc1[nH]nc2c1N=C(c1ccccc1Cl)c1cc([N+](=O)[O-])ccc1N2",0,,
"Cc1c(-c2cccnc2)c2ccccc2n1CCCCC(=O)O",0,,
"Cc1c(C(=O)N(CCCN2CCCCC2)c2ccccc2)oc2ccccc12",1,1232.0,"Ki"
"Cc1c(C(=O)c2ccc(Cl)cc2)c2ccc(OC(F)(F)F)cc2n1Cc1cccc(O[C@H](C)C(=O)O)c1",1,1650.0,"IC50"
"Cc1c(C)c2c(c(C)c1O)CCC(C)(COc1ccc(CC3SC(=O)NC3=O)cc1)O2",0,,
"Cc1c(COC(=O)[C@H]2[C@@H](/C=C(\Cl)C(F)(F)F)C2(C)C)cccc1-c1ccccc1",0,,
"Cc1c(F)c(F)c(COC(=O)C2C(/C=C(\Cl)C(F)(F)F)C2(C)C)c(F)c1F",0,,
"Cc1c(NC2=NCCN2)ccc2c1NCCO2",1,1.2,"Ki"
"Cc1c(NC2=NCCN2)ccc2nccnc12",1,3.1114999999999995,"Ki, Ki, Ki, EC50"
"Cc1c(NC2=NCCN2)cccc1-c1ccccc1",1,19.0,"Ki"
"Cc1c(Nc2ncc[nH]2)ccc2c1NCCO2",1,65.0,"Ki, EC50"
"Cc1c(Nc2ncc[nH]2)ccc2c1OCCO2",1,5.199999999999999,"Ki, EC50"
"Cc1c(Nc2ncc[nH]2)ccc2nccnc12",1,31.0,"Ki"
"Cc1c([N+](=O)[O-])cccc1[N+](=O)[O-]",0,,
"Cc1c2ccccc2c(C)c2c1ccc1ccccc12",0,,
"Cc1cc(-c2ccc(N)c(C)c2)ccc1N",0,,
"Cc1cc(=O)[nH]c(=S)[nH]1",0,,
"Cc1cc(C(C)(C)C)c(O)c(C)c1CC1=NCCN1",1,8.9585,"EC50, Ki, IC50, Ki, Ki, Ki"
"Cc1cc(C)c(O)c(C)c1",0,,
"Cc1cc(C)c2c(Nc3ccc(N4CCN(C)C(C)C4)cc3)c(C)c(C)nc2c1",1,1225.0,"Ki, Kb"
"Cc1cc(C)nc(NC(=O)NS(=O)(=O)c2ccccc2C(=O)OC2COC2)n1",0,,
"Cc1cc(C)nc(Nc2ccccc2)n1",0,,
"Cc1cc(C2CC2)nc(Nc2ccccc2)n1",0,,
"Cc1cc(CCN2CCN(c3nsc4ccccc34)CC2)cc2c1NC(=O)CC2(C)C",0,,
"Cc1cc(Cc2ccc(N)c(C)c2)ccc1N",0,,
"Cc1cc(Cl)ccc1OCC(=O)O",0,,
"Cc1cc(F)ccc1-c1cc(N2CC[C@@H](O)[C@H]2CO)ncc1N(C)C(=O)C(C)(C)c1cc(C(F)(F)F)cc(C(F)(F)F)c1",0,,
"Cc1cc(N(C)C)nc(N[C@H]2CC[C@@H](NC(=O)c3cc(C(F)(F)F)cc(C(F)(F)F)c3)CC2)n1",1,200.0,"IC50"
"Cc1cc(N(C)C)nc(N[C@H]2CC[C@@H](NC(=O)c3ccc(Cl)c(Cl)c3)CC2)n1",1,130.0,"IC50"
"Cc1cc(N(C)C)nc(N[C@H]2CC[C@@H](NC(=O)c3ccc(Cl)cc3)CC2)n1",1,730.0,"IC50"
"Cc1cc(N=Nc2ccccc2C)ccc1N",0,,
"Cc1cc(NCCC(C)C)cc(=O)n1CCC(C)C",0,52000.0,"Ki"
"Cc1cc(NCCC(C)C)cc(=O)n1Cc1ccccc1",0,110000.0,"Ki"
"Cc1cc(NCc2ccc(Cl)cc2)cc(=O)n1CCC(C)C",0,99000.0,"Ki"
"Cc1cc(NCc2ccccc2)cc(=O)n1CCC(C)C",0,27000.0,"Ki"
"Cc1cc(Nc2ccc(N3CCN(C)CC3)cc2)c2ccccc2n1",1,500.0,"Ki"
"Cc1cc(O)ccc1Cl",0,,
"Cc1cc(SC2=C(O)C[C@@](CCc3ccc(N)cc3)(C(C)C)OC2=O)c(C(C)(C)C)cc1CO",0,,
"Cc1cc([N+](=O)[O-])cc([N+](=O)[O-])c1O",0,,
"Cc1cc2c(s1)Nc1ccccc1N=C2N1CCN(C)CC1",1,484.0,"Ki, IC50, Ki, Ki"
"Cc1cc2c3c(c1)C(c1ccccc1)=N[C@@H](NC(=O)c1ccncc1)C(=O)N3CC2",0,,
"Cc1ccc(-c2c(Cl)nc(C#N)n2S(=O)(=O)N(C)C)cc1",0,,
"Cc1ccc(-c2cc(C(F)(F)F)nn2-c2ccc(S(N)(=O)=O)cc2)cc1",0,,
"Cc1ccc(-c2ccccc2OC(C)C2=NCCN2)cc1",1,41.69,"Ki"
"Cc1ccc(C(=O)N[C@H]2CC[C@@H](Nc3ncc(C)c(N(C)C)n3)CC2)cc1",1,1770.0,"IC50"
"Cc1ccc(C(C)(C)C)c(O)c1",0,,
"Cc1ccc(C(C)C)cc1",0,,
"Cc1ccc(C)c(C)c1",0,,
"Cc1ccc(Cl)cc1",0,,
"Cc1ccc(N(CC2=NCCN2)c2cccc(O)c2)cc1",1,13.69,"Ki, Ki, IC50, Ki, Ki"
"Cc1ccc(N(NC2=NCCO2)c2cccc(O)c2)cc1",1,4.73,"Ki"
"Cc1ccc(N)c(N)c1",0,,
"Cc1ccc(N)cc1N",0,,
"Cc1ccc(N)cc1O",0,,
"Cc1ccc(N=C=O)cc1N=C=O",0,,
"Cc1ccc(S(=O)(=O)NC(=O)NN2CCCCCC2)cc1",0,,
"Cc1ccc(S(C)(=O)=O)c(NCC2=NCCN2)c1",1,6945.225,"EC50, Ki"
"Cc1ccc([N+](=O)[O-])cc1[N+](=O)[O-]",0,,
"Cc1ccc2c(Nc3ccc(N4CCN(C)C(C)C4)cc3)c(C)c(C)nc2c1",1,840.0,"Ki"
"Cc1ccc2c(Nc3ccc(N4CCN(C)[C@@H](C)C4)cc3)c(C)c(C)nc2c1",1,2075.0,"Ki, Kb"
"Cc1ccc2c(Nc3ccc(N4CCN(C)[C@@H](C)C4)cc3)c(C)c(C)nc2c1C",1,1645.0,"Ki, Kb"
"Cc1ccc2c(Nc3ccc(N4CCN(C)[C@H](C)C4)cc3)c(C)c(C)nc2c1",1,1205.0,"Ki, Kb"
"Cc1ccc2c(Nc3ccc(N4CCN(C)[C@H](C)C4)cc3)c(C)c(C)nc2c1C",1,1445.0,"Ki, Kb"
"Cc1ccc2c(c1)CC1(CC2)CN=CN1",1,7.0,"Ki"
"Cc1ccc2c(c1)c1c(n2/C=C\c2ccccc2)CCN(C)C1",1,0.2399,"Ki"
"Cc1ccc2c(c1)c1c(n2CCc2ccccc2)CCN(C)C1",1,1.995,"Ki"
"Cc1ccc2nc(C)c(CCN3CCc4oc5ccccc5c4C3)c(=O)n2c1",1,0.3467,"IC50"
"Cc1ccc2ncccc2c1",0,,
"Cc1ccc2oc(CN(Cc3ccccc3)C(=O)Nc3c(F)cc(F)cc3F)c(-c3ccc(Cl)cc3)c2c1",0,,
"Cc1cccc(C(=O)N[C@H]2CC[C@@H](Nc3nc(N(C)C)c4ccccc4n3)CC2)c1",1,110.0,"IC50"
"Cc1cccc(C(=O)N[C@H]2CC[C@@H](Nc3ncc(C)c(N(C)C)n3)CC2)c1",1,580.0,"IC50"
"Cc1cccc(C(C)c2c[nH]cn2)c1C",1,3400.0,"IC50"
"Cc1cccc(C)c1C(=O)NN1c2ccc(Cl)cc2N=C(N2CCN(C)CC2)c2ccccc21",1,791.0,"Ki"
"Cc1cccc(C)c1N",0,,
"Cc1cccc(C)c1OC(C)C1=NCCN1",1,15.185,"Ki, EC50"
"Cc1cccc(N)c1",0,,
"Cc1cccc(N)c1N",0,,
"Cc1cccc([C@H](C)c2c[nH]cn2)c1C",1,2.046,"EC50, Ki, EC50"
"Cc1cccc([N+](=O)[O-])c1",0,,
"Cc1cccc([N+](=O)[O-])c1C",0,,
"Cc1cccc([N+](=O)[O-])c1[N+](=O)[O-]",0,,
"Cc1cccc2ccccc12",0,,
"Cc1cccc2cnn(CC3=NCCN3)c12",0,17400.0,"EC50"
"Cc1cccc2cnn(N=C3NCCN3)c12",1,37.0,"EC50"
"Cc1ccccc1-c1ccccc1OC(C)C1=NCCN1",1,46.77,"Ki"
"Cc1ccccc1C(C)OC1=NCCN1",1,24.55,"Ki"
"Cc1ccccc1Cl",0,,
"Cc1ccccc1N",0,,
"Cc1ccccc1O",0,,
"Cc1ccccc1[N+](=O)[O-]",0,,
"Cc1ccn2c(=O)c(CCN3CCc4oc5ccccc5c4C3)c(C)nc2c1",1,0.4467,"IC50"
"Cc1ccn2nc(S(=O)(=O)Nc3c(F)cccc3F)nc2n1",0,,
"Cc1cn([C@H]2C=C[C@@H](CO)O2)c(=O)[nH]c1=O",0,,
"Cc1cnc(N[C@H]2CC[C@@H](CNC(=O)c3cc(C(F)(F)F)cc(C(F)(F)F)c3)CC2)nc1N(C)C",1,310.0,"IC50"
"Cc1cnc(N[C@H]2CC[C@@H](NC(=O)c3ccc(Cl)cc3)CC2)nc1N(C)C",1,1590.0,"IC50"
"Cc1cnc(N[C@H]2CC[C@@H](NC(=O)c3ccc(F)cc3)CC2)nc1N(C)C",1,470.0,"IC50"
"Cc1cnc2c(Br)c(NC3=NCCN3)ccc2n1",1,462.635,"Ki, EC50"
"Cc1cnc2ccccc2c1Nc1ccc(N2CCN(C)C(C)(C)C2)cc1",1,4147.5,"Ki, Kb"
"Cc1cnc2ccccc2c1Nc1ccc(N2CCN(C)C(C)C2)cc1",1,4550.0,"Ki, Kb"
"Cc1cncc(C)c1Nc1ccc(N2CCN(C)CC2)cc1",1,3600.0,"Ki"
"Cc1nc(-c2ccc3c(c2)CCN(CCC2CCC(NC(=O)/C=C/c4ccc(F)cc4)CC2)CC3)no1",0,,
"Cc1nc(-c2ccccn2)ncc1C(=O)Nn1cc(C)c2cc(F)ccc21",0,,
"Cc1nc(C)nc(N2C[C@H](C)N(c3ccnc([C@@H](C)O)n3)[C@H](C)C2)n1",0,,
"Cc1nc(N(C)C)nc(OC(=O)N(C)C)c1C",0,,
"Cc1nc2c(C)ccc(C)c2c(Nc2ccc(N3CCN(C)C(C)C3)cc2)c1C",1,2300.0,"Ki"
"Cc1nc2c(C)cccc2c(Nc2ccc(N3CCN(C)C(C)C3)cc2)c1C",1,5000.0,"Ki, Kb"
"Cc1nc2c(C)cccn2c(=O)c1CCN1CCc2oc3ccccc3c2C1",1,0.6026,"IC50"
"Cc1nc2c(Cl)cc(C(F)(F)F)cn2c(=O)c1CCN1CCc2oc3ccccc3c2C1",1,1.175,"IC50"
"Cc1nc2c(Cl)cc(Cl)cn2c(=O)c1CCN1CCc2oc3ccccc3c2C1",1,0.5888,"IC50"
"Cc1nc2c(O)cccn2c(=O)c1CCN1CCc2oc3ccccc3c2C1",1,0.6918,"IC50"
"Cc1nc2cc(Cl)ccc2c(Nc2ccc(N3CCN(C)C(C)C3)cc2)c1C",1,1430.0,"Ki"
"Cc1nc2ccc(Br)cn2c(=O)c1CCN1CCc2oc3ccccc3c2C1",1,0.3548,"IC50"
"Cc1nc2ccc(Cl)cn2c(=O)c1CCN1CCc2oc3ccccc3c2C1",1,0.2138,"IC50"
"Cc1nc2ccc(F)cc2c(Nc2ccc(N3CCN(C)C(C)C3)cc2)c1C",1,2315.0,"Ki, Kb"
"Cc1nc2cccc(C)c2c(Nc2ccc(N3CCN(C)C(C)C3)cc2)c1C",1,1040.0,"Ki, Kb"
"Cc1nc2cccc(C)n2c(=O)c1CCN1CCc2oc3ccccc3c2C1",1,0.2884,"IC50"
"Cc1nc2ccccc2c(Nc2ccc(N3CCN(C)C(C)(C)C3)cc2)c1CO",1,3585.0,"Ki, Kb"
"Cc1nc2ccccc2c(Nc2ccc(N3CCN(C)C(C)C3)cc2)c1-c1ccccc1",1,3700.0,"Ki, Kb"
"Cc1nc2ccccc2c(Nc2ccc(N3CCN(C)CC3)cc2)c1-c1ccccc1",1,1650.0,"Ki, Kb"
"Cc1nc2ccccc2c(Nc2ccc(N3CCN(C)CC3)cc2)c1C",1,4055.0,"Ki, Kb"
"Cc1nc2ccccc2c(Nc2ccc(N3CCN(C)CC3)cc2)c1C(C)C",1,2700.0,"Ki, Kb"
"Cc1nc2ccccc2c(Nc2ccc(N3CCN(C)CC3)cc2)c1Cc1ccccc1",1,585.0,"Ki, Kb"
"Cc1nc2ccccc2c(Nc2ccc(N3CCN4CCCCC4C3)cc2)c1C",1,1207.5,"Ki, Kb"
"Cc1nc2ccccc2c(Nc2ccc(NCCN3CCCC3)cc2)c1C",1,2950.0,"Ki, Kb"
"Cc1nc2ccccn2c(=O)c1CCCN1CCc2oc3ccccc3c2C1",1,10.23,"IC50"
"Cc1nc2ccccn2c(=O)c1CCN1CCc2oc3c(Cl)cccc3c2C1",1,0.8913,"IC50"
"Cc1nc2ccccn2c(=O)c1CCN1CCc2oc3ccc(Cl)cc3c2C1",1,3.89,"IC50"
"Cc1nc2ccccn2c(=O)c1CCN1CCc2oc3ccccc3c2C1",1,0.5495,"IC50"
"Cc1nc2ccccn2c(=O)c1CCN1CCc2sc3ccccc3c2C1",1,1.738,"IC50"
"Cc1nc2n(c(=O)c1CCN1CCC(c3noc4cc(F)ccc34)CC1)CCCC2",1,255.8255,"Ki, Ki, IC50, Ki"
"Cc1ncc(CO)c(CO)c1O",0,,
"Cc1ncc([C@@H](CCCCCCc2ccc3c(n2)NCCC3)CC(=O)O)cn1",1,,
"Cc1nccn1-c1ccc(Sc2cccc(C3(C(N)=O)CCOCC3)c2)cc1",1,,
"Cc1nn(-c2cc(NS(C)(=O)=O)c(Cl)cc2Cl)c(=O)n1C(F)F",0,,
"Cc1nn(C)c(Oc2ccccc2)c1C=NOCc1ccc(C(=O)OC(C)(C)C)cc1",0,,
"Cc1oc(-c2ccccc2)nc1CCOc1ccc(C[C@H](Nc2ccccc2C(=O)c2ccccc2)C(=O)O)cc1",0,,
"Cc1oc2c(NC(=O)c3c(Cl)cccc3Cl)cccc2c1C(C)(C)O",0,,
"Cc1occc(=O)c1O",0,,
"Cc1sc(C)c2c1CCC=C2c1c[nH]cn1",1,25.0,"Ki"
"Cc1sc(C)c2c1CCCC2c1c[nH]cn1",1,68.0,"Ki"
"ClC(Cl)(Cl)c1ccccc1",0,,
"ClC(Cl)=C(c1ccc(Cl)cc1)c1ccc(Cl)cc1",0,,
"ClC1(Cl)C2(Cl)C3(Cl)C4(Cl)C(Cl)(Cl)C5(Cl)C3(Cl)C1(Cl)C5(Cl)C24Cl",0,,
"ClC1=C(Cl)C(Cl)(Cl)C(Cl)=C1Cl",0,,
"ClC1=C(Cl)C2(Cl)C3C(Cl)C(Cl)CC3C1(Cl)C2(Cl)Cl",0,,
"ClC1=C(Cl)C2(Cl)C3C(Cl)C=CC3C1(Cl)C2(Cl)Cl",0,,
"ClC1=C(Cl)C2(Cl)C3C4OC4C(Cl)C3C1(Cl)C2(Cl)Cl",0,,
"ClC1=C(Cl)[C@]2(Cl)[C@H]3[C@H]([C@@H]4C=C[C@H]3C4)[C@@]1(Cl)C2(Cl)Cl",0,,
"Cl[C@H]1[C@H](Cl)[C@@H](Cl)[C@@H](Cl)[C@H](Cl)[C@H]1Cl",0,,
"Cl[C@H]1[C@H](Cl)[C@@H](Cl)[C@H](Cl)[C@@H](Cl)[C@@H]1Cl",0,,
"Clc1c(NC2=NCCN2)ccc2nccnc12",1,19.747,"Ki, EC50"
"Clc1cc(Cl)c(Cl)cc1Cl",0,,
"Clc1cc(Cl)c(OCC#CI)cc1Cl",1,840.0,"IC50, Ki"
"Clc1cc(Cl)c2c(c1)CC1(CC2)CN=CN1",1,3.0,"Ki"
"Clc1cc(Cl)c2c(c1)N=C1CCCCCN1C2",1,,
"Clc1ccc(C(Cl)(Cl)Cl)cc1",0,,
"Clc1ccc(C(c2ccc(Cl)cc2)C(Cl)(Cl)Cl)cc1",0,,
"Clc1ccc(C(c2ccc(Cl)cc2)C(Cl)Cl)cc1",0,,
"Clc1ccc(C(c2ccccc2Cl)C(Cl)Cl)cc1",1,5051.0,"Ki, IC50"
"Clc1ccc(CO/N=C(\Cn2ccnc2)c2ccc(Cl)cc2Cl)c(Cl)c1",1,2806.85,"IC50, Ki"
"Clc1ccc(COC(Cn2ccnc2)c2ccc(Cl)cc2Cl)c(Cl)c1",1,2726.5,"Ki, IC50"
"Clc1ccc(COC(Cn2ccnc2)c2ccc(Cl)cc2Cl)cc1",1,2973.5,"IC50, Ki"
"Clc1ccc(CSC(Cn2ccnc2)c2ccc(Cl)cc2Cl)cc1",1,2779.5,"IC50, Ki"
"Clc1ccc(Cl)c(Cl)c1",0,,
"Clc1ccc2c(c1)C(N1CCNCC1)=Nc1ccccc1O2",1,903.5,"IC50, Ki"
"Clc1ccc2c(c1)N=C(N1CCN(C3CCCCC3)CC1)c1cccnc1O2",1,412.0,"Ki"
"Clc1ccc2c(c1)N=C(N1CCNCC1)c1cccnc1O2",1,729.0,"Ki"
"Clc1ccc2c(c1Cl)CNCC2",1,6520.0,"Ki"
"Clc1cccc(C(Cl)(Cl)Cl)n1",0,,
"Clc1cccc(Cl)c1",0,,
"Clc1cccc(Cl)c1Cl",0,,
"Clc1cccc2[nH]nc(N=C3NCCN3)c12",1,240.0,"EC50"
"Clc1cccc2c(N=C3NCCN3)n[nH]c12",1,73.0,"EC50"
"Clc1cccc2c1C=C(CC1CN=CN1)CC2",1,31.62,"Ki"
"Clc1cccc2c1cnn2N=C1NCCN1",1,180.0,"EC50"
"Clc1cccc2ccc(CC3CN=CN3)cc12",1,25.12,"Ki"
"Clc1cccc2cnn(CC3=NCCN3)c12",0,16600.0,"EC50"
"Clc1ccccc1C(c1ccccc1)(c1ccccc1)n1ccnc1",1,8171.5,"Ki, IC50"
"Clc1ccccc1Cl",0,,
"Clc1nc(Cl)c(Cl)c(Cl)c1Cl",0,,
"Clc1nc(Cl)nc(Nc2ccccc2Cl)n1",0,,
"Cn1c(-c2ccccn2)c(C2CCCC2)c2ccc(C(=O)NC3(C(=O)Nc4ccc(/C=C/C(=O)O)cc4)CCC3)cc21",1,10000.0,"IC50"
"Cn1c(=O)c2c(ncn2C)n(C)c1=O",0,,
"Cn1c(=O)cc(Oc2ccc(F)cc2F)c2cnc(NCC(C)(C)O)nc21",0,,
"Cn1c(=O)cnn(CCCCN2CCN(c3cccc4ccc(O[11CH3])cc34)CC2)c1=O",1,1012.0,"Ki"
"Cn1c(=O)cnn(CCCCN2CCN(c3ccccc3OCCF)CC2)c1=O",1,2751.0,"Ki"
"Cn1cc(-c2ccccc2)c(=O)c(-c2cccc(C(F)(F)F)c2)c1",0,,
"Cn1cc(-c2ccccc2[C@@H]2Cc3nccn3C2)cn1",1,380.0,"Ki"
"Cn1cc(C(=O)C(=O)N[C@@H]2CN3CCC2CC3)c2ccccc21",0,31622.78,"Ki"
"Cn1cc(C(=O)C(=O)N[C@H]2CN3CCC2CC3)c2ccccc21",1,7943.28,"Ki"
"Cn1cc[nH]c1=S",0,,
"Cn1cnc([N+](=O)[O-])c1Sc1ncnc2nc[nH]c12",0,,
"Cn1cnc2c1c(=O)[nH]c(=O)n2C",0,,
"Cn1sc(Cl)cc1=O",0,,
"FC(F)(F)C(F)(F)C(F)(F)C(F)(F)C(F)(F)C(F)(F)CCI",0,,
"FC(F)(F)C1Cc2ccc(Br)cc2CN1",1,4350.0,"Ki"
"FC(F)(F)c1ccc(Cl)c(NC2=NCCN2)c1",1,1560.0,"Ki"
"FC(F)C(F)(F)OCC(Cn1cncn1)c1ccc(Cl)cc1Cl",0,,
"Fc1ccc(C(c2ccc(F)cc2)N2CCN(C/C=C/c3ccccc3)CC2)cc1",1,399.5,"Ki, IC50"
"Fc1ccc(C2Cc3nccn3C2)c(-c2ccn[nH]2)c1",1,1470.0,"Ki"
"Fc1ccc(Oc2ccnc3cc(Cl)cc(Cl)c23)cc1",0,,
"Fc1ccc2c(c1)CC(CC1CN=CN1)C2",1,5.9,"Ki, Ki"
"Fc1ccc2cnn(N=C3NCCN3)c2c1",1,35.95,"Ki, EC50"
"Fc1cccc(CCN[C@H]2C3C4CC5C6C4CC3C6C52)c1",1,7609.0,"Ki, Ki"
"Fc1cccc2c1C=C(CC1CN=CN1)CC2",1,39.81,"Ki"
"Fc1cccc2c1CC1(CC2)CN=CN1",1,12.0,"Ki"
"Fc1ccccc1[C@@H](F)CO[C@H]1CC[C@H](Nc2[nH]cnc3nncc2-3)CC1",0,,
"N#C/N=C1\SCCN1Cc1ccc(Cl)nc1",0,,
"N#CC(Br)Br",0,,
"N#CC(CCc1ccc(Cl)cc1)(Cn1cncn1)c1ccccc1",0,,
"N#CCCCCC#N",0,,
"N#CN",0,,
"N#CSCSC#N",0,,
"N#CSCSc1nc2ccccc2s1",1,,
"N#C[C@@H]1CC(F)(F)CN1C(=O)CNC1CC2CCC(C1)N2c1ncccn1",0,,
"N#Cc1c(Cl)cccc1Cl",0,,
"N#Cc1c[nH]cc1-c1cccc2c1OC(F)(F)O2",0,,
"N#Cc1cc(Br)c(O)c(Br)c1",0,,
"N#Cc1cccc(Oc2ncccc2C(=O)NCCN2CCCN(CC3COc4ccccc4O3)CC2)c1",1,354.5,"Ki, Ki"
"N#Cc1nn(-c2c(Cl)cc(C(F)(F)F)cc2Cl)c(N)c1S(=O)C(F)(F)F",0,,
"N=C(N)N/N=C/c1c(Cl)cccc1Cl",1,28.0,"IC50, Ki"
"N=C(N)NC(=O)Cc1c(Cl)cccc1Cl",1,92.0,"IC50, Ki"
"N=C(N)c1ccc(OCCCCCOc2ccc(C(=N)N)cc2)cc1.O=S(=O)(O)CCO.O=S(=O)(O)CCO",1,,
"N=C(NCCO)Nc1ccc2c(c1)CCCC2",1,1737.8,"Ki"
"N=C(NCCO)Nc1ccc2c(c1)OCO2",0,11748.98,"Ki"
"N=C(NCc1ccco1)Nc1ccc2c(c1)CCCC2",1,512.86,"Ki"
"N=C(NCc1ccco1)Nc1ccc2c(c1)OCO2",1,1513.56,"Ki"
"N=C(Nc1ccc2c(c1)CCN2C1CCNCC1)c1cccs1",0,24000.0,"IC50"
"N=C(Nc1ccccc1)Nc1ccccc1",1,,
"NC(=O)C1CCN(CCCN2c3ccccc3Sc3ccc(Cl)cc32)CC1",1,45.5,"Ki, IC50"
"NC(=O)Cn1c(=O)cc(CCN2CCN(c3nccc4sccc34)CC2)c2ccc(F)cc21",1,,
"NC(=O)N(O)[C@@H]1C=C[C@H](Oc2cccc(Oc3ccc(F)cc3)c2)C1",1,,
"NC(=O)N(O)[C@@H]1COc2cc(OCc3ccccc3)ccc21",0,,
"NC(=O)N1C(=O)C(C(=O)c2cc(Cl)cs2)c2cc(F)c(Cl)cc21",0,,
"NC(=O)N1c2ccccc2C=Cc2ccccc21",0,,
"NC(=O)NO",0,,
"NC(=O)[O-]",0,,
"NC(=O)c1nc(-c2cccc(-c3cc(F)ccc3OCC(F)(F)C(F)(F)F)c2)n[n-]1",0,,
"NC(N)=O",0,,
"NC1=Nc2ccc(Cl)cc2CN1",1,299.615,"Ki, Ki"
"NCC1(Cc2noc(=O)[nH]2)CCCCC1",0,,
"NCCO",0,,
"NCCO.O=C(O)c1nc(Cl)ccc1Cl",0,,
"NCCOCCOCCN",0,,
"NCc1cccc(C2CCN(C(=O)c3ccc(C#Cc4ccccc4F)o3)CC2)c1",1,,
"NNC(=O)c1ccncc1",0,,
"NS(=O)(=O)C(F)(F)C(F)(F)C(F)(F)C(F)(F)C(F)(F)C(F)(F)C(F)(F)C(F)(F)F",0,,
"NS(=O)(=O)c1ccc2c(c1)CNCC2",1,3400.0,"Ki"
"N[C@@H](Cc1cc(I)c(Oc2ccc(O)c(I)c2)c(I)c1)C(=O)O",0,,
"Nc1c(Cl)c(Cl)nc(C(=O)O)c1Cl",0,,
"Nc1c(Cl)c(F)nc(OCC(=O)O)c1Cl",0,,
"Nc1c(Cl)cc([N+](=O)[O-])cc1Cl",0,,
"Nc1cc(Cl)c(N=C2NCCN2)c(Cl)c1",1,2.9,"Ki"
"Nc1cc2c3c(c1)C(c1ccccc1)=N[C@@H](NC(=O)c1cccnc1)C(=O)N3CC2",0,,
"Nc1ccc(/N=N/c2ccccc2)cc1",0,,
"Nc1ccc(C(=O)O)cc1",0,,
"Nc1ccc(Cl)cc1",0,,
"Nc1ccc(Cl)cc1N",0,,
"Nc1ccc(Oc2ccc(N)cc2)cc1",0,,
"Nc1ccc(S(=O)(=O)c2ccc(N)cc2)cc1",0,,
"Nc1ccc([N+](=O)[O-])cc1",0,,
"Nc1ccc2c(c1)C(=O)c1ccccc1C2=O",0,,
"Nc1cccc(N)c1",0,,
"Nc1cccc2c(N)cccc12",0,,
"Nc1ccn([C@@H]2O[C@H](CO)[C@@H](O)[C@@H]2O)c(=O)n1",0,,
"Nc1cnn(-c2ccccc2)c(=O)c1Cl",0,,
"Nc1nc(=O)c2nc(CNc3ccc(C(=O)N[C@@H](CCC(=O)O)C(=O)O)cc3)cnc2[nH]1",0,,
"Nc1nc(Cl)nc2c1ncn2[C@H]1C[C@H](O)[C@@H](CO)O1",0,,
"Nc1nc(N)c2nc(CNc3ccc(C(=O)N[C@@H](CCC(=O)O)C(=O)O)cc3)cnc2n1",0,,
"Nc1nc(N)nc(NC2CC2)n1",0,,
"Nc1nc(NCC2CCC(CNS(=O)(=O)c3ccc(Br)cc3OC(F)(F)F)CC2)nc2ccccc12",1,100.0,"IC50"
"Nc1nc(NC[C@H]2CC[C@H](CNS(=O)(=O)c3cccc4ccccc34)CC2)nc2ccccc12",1,97.0,"IC50"
"Nn1cnnc1",0,,
"O=C(CCCN1C2CCC1CC(O)(c1ccc(Cl)cc1)C2)c1ccc(F)cc1",1,2835.0,"Ki"
"O=C(CCCN1CC=C(n2c(=O)[nH]c3ccccc32)CC1)c1ccc(F)cc1",1,2038.5,"IC50, Ki"
"O=C(CCCN1CCC(O)(c2ccc(Cl)cc2)C1)c1ccc(F)cc1",1,4028.0,"Ki, Ki"
"O=C(CCCN1CCC(O)(c2ccc(Cl)cc2)CC1)c1ccc(F)cc1",1,3419.0,"Ki, IC50"
"O=C(CCCNC(=O)[C@@H]1C2C[C@H]3c4[nH]c5ccccc5c4CCN3C[C@@H]2CC[C@@H]1O)OCc1ccccc1",1,29.0,"Ki"
"O=C(CCl)c1ccccc1",0,,
"O=C(NC(=O)c1c(F)cccc1F)Nc1cc(Cl)c(OC(F)(F)C(F)F)c(Cl)c1",0,,
"O=C(NC(=O)c1c(F)cccc1F)Nc1ccc(OC(F)(F)C(F)OC(F)(F)F)c(Cl)c1",0,,
"O=C(NCCCCN1CCCCC1)Nc1ccc(-c2ccc(F)cc2)nc1",0,35000.0,"IC50"
"O=C(NCCN1CCCN(CC2COc3ccccc3O2)CC1)c1cccnc1",1,443.0,"Ki"
"O=C(NCCN1CCCN(CC2COc3ccccc3O2)CC1)c1cccnc1Oc1ccccc1",1,347.0,"Ki, Ki"
"O=C(NCCN1CCCN(C[C@H]2COc3ccccc3O2)CC1)c1cccnc1Oc1ccccc1",1,94.4,"Ki"
"O=C(NCCN1CCN(CC2COc3ccccc3O2)CC1)c1cccnc1Oc1ccccc1",1,27.0,"Ki"
"O=C(NCc1ccc(Cc2c[nH]cn2)cc1)Nc1cc(Cl)cc(Cl)c1",1,207.0,"Concentration"
"O=C(NS(=O)(=O)/C=C/c1cccs1)c1ccc(F)cc1Br",0,,
"O=C(N[C@@H](Cc1ccccc1)[C@@H](O)C(=O)N1C[C@H](O)[C@H](O)C1)c1cc2cc(Cl)ccc2[nH]1",0,,
"O=C(N[C@H](c1ccccc1)[C@@H]1CN2CCC1CC2)c1c(Cl)ccc(C(F)(F)F)c1Cl",0,,
"O=C(N[C@H]1CN2CCC1CC2)c1cc2ccoc2cn1",0,,
"O=C(N[C@H]1CN2CCC1CC2)c1ccc2c(c1)OCCO2",0,,
"O=C(Nc1ccc(Cl)cc1)Nc1ccc(Cl)c(Cl)c1",0,,
"O=C(Nc1ccc([N+](=O)[O-])cc1Cl)c1cc(Cl)ccc1O",0,,
"O=C(Nc1ccc2[nH]ccc2c1)c1cc2cc(F)ccc2n1Cc1cccc(F)c1",0,,
"O=C(Nc1cccc2c1CCCC2c1c[nH]cn1)C(F)(F)F",1,309.03,"Ki"
"O=C(Nc1ccccc1)Nc1ccnc(Cl)c1",1,,
"O=C(Nc1ccccc1)Nc1cnns1",0,,
"O=C(Nc1ccccc1)c1ccccc1I",0,,
"O=C(Nc1ccccc1-c1ccc(Cl)cc1)c1cccnc1Cl",0,,
"O=C(Nc1ccccc1-c1cn2c(CN3CCNCC3)csc2n1)c1cnc2ccccc2n1",1,2830.0,"IC50"
"O=C(O)C(Cl)(Cl)Cl",0,,
"O=C(O)C(Cl)Cl",0,,
"O=C(O)C(F)(F)C(F)(F)C(F)(F)C(F)(F)C(F)(F)C(F)(F)C(F)(F)C(F)(F)C(F)(F)C(F)(F)F",0,,
"O=C(O)C(F)(F)C(F)(F)C(F)(F)C(F)(F)C(F)(F)C(F)(F)C(F)(F)C(F)(F)C(F)(F)F",0,,
"O=C(O)C(F)(F)C(F)(F)C(F)(F)C(F)(F)C(F)(F)C(F)(F)C(F)(F)F",0,,
"O=C(O)C(F)(F)C(F)(F)C(F)(F)C(F)(F)C(F)(F)C(F)(F)F",0,,
"O=C(O)C(F)(F)C(F)(F)C(F)(F)C(F)(F)C(F)(F)F",0,,
"O=C(O)C1(C(=O)Nc2ccc(Cl)cc2Cl)CC1",0,,
"O=C(O)C1(c2ccc3c(c2)OC[C@H](Cc2ccc(-c4ccccc4)cc2)[C@H]3O)CCCC1",0,,
"O=C(O)C1C2CCC(O2)C1C(=O)O",0,,
"O=C(O)CC(O)C(=O)O",0,,
"O=C(O)CCCCC(=O)O",0,,
"O=C(O)CCN(C1(C(=O)NO)CCCC1)S(=O)(=O)c1ccc(Oc2ccc(F)cc2)cc1",0,,
"O=C(O)COc1nc(Cl)c(Cl)cc1Cl",0,,
"O=C(O)Cc1cc(I)c(Oc2cc(I)c(O)c(I)c2)c(I)c1",0,,
"O=C(O)Cn1c(=O)n(Cc2ccc(Br)cc2F)c(=O)c2ccc(Cl)cc21",0,,
"O=C(O)[C@H](O)[C@@H](O)C(=O)O",0,,
"O=C(O)c1cc(Oc2ccc(C(F)(F)F)cc2Cl)ccc1[N+](=O)[O-]",0,,
"O=C(O)c1ccc([N+](=O)[O-])cc1",0,,
"O=C(O)c1cccc(C(=O)O)c1",0,,
"O=C(O)c1cccc(C[C@@H]2COc3ccc(OCc4nc5cc(F)ccc5s4)cc3[C@@H]2O)c1",0,,
"O=C(O)c1cccc(N(Cc2cccnc2)c2ccc(OC(F)F)c(OC(F)F)c2)c1",0,,
"O=C(O)c1cccc(Oc2ccccc2)c1",0,,
"O=C(O)c1ccccc1",0,,
"O=C(O)c1ccccc1-n1cc(C(=O)O)c(=O)c2cc(Nc3c(F)cc(F)cc3Cl)c(Cl)cc21",0,,
"O=C(O)c1ccccc1C(=O)OCc1ccccc1",0,,
"O=C(O)c1ccccc1C(c1ccc(O)cc1)c1ccc(O)cc1",0,,
"O=C(O)c1cccnc1",0,,
"O=C(O)c1nc(Cl)ccc1Cl",0,,
"O=C(OCCCCCCOC(=O)c1ccccc1)c1ccccc1",0,,
"O=C(OCCCCCOC(=O)c1ccccc1)c1ccccc1",0,,
"O=C(OCCN1CCCC1)N1c2ccccc2Sc2ccccc21",1,95.0,"Ki"
"O=C(OCCOCCOC(=O)c1ccccc1)c1ccccc1",0,,
"O=C(Oc1ccc(Br)cc1)N1CCN2CCC1CC2",0,,
"O=C(Oc1ccccc1)c1cccc(C(=O)Oc2ccccc2)c1",0,,
"O=C([N-]S(=O)(=O)/C=C/c1ccccc1)c1ccc(F)cc1Cl",0,,
"O=C([O-])C(F)(F)C(F)(F)C(F)(F)C(F)(F)C(F)(F)C(F)(F)C(F)(F)F",0,,
"O=C([O-])Cc1ccccc1Nc1c(Cl)cccc1Cl",0,,
"O=C([O-])c1[nH]n(-c2ccc(S(=O)(=O)[O-])cc2)c(=O)c1/N=N/c1ccc(S(=O)(=O)[O-])cc1",0,,
"O=C([O-])c1ccc2c(c1)nc(C(=O)NC1CCN(C3CC3)CC1)n2Cc1cc(-c2ccc(Cl)s2)on1",1,,
"O=C(c1ccc(OCCCc2c[nH]cn2)cc1)C1CC1",1,42.66,"Ki"
"O=C(c1ccc(OCCN2CCCCC2)cc1)c1c(-c2ccc(O)cc2)sc2cc(O)ccc12",1,1144.0,"Ki, IC50"
"O=C(c1ccccc1)C1CCCCC1",0,,
"O=C(c1ccccc1)c1ccccc1",0,,
"O=C1C2CC=CCC2C(=O)N1SC(Cl)(Cl)C(Cl)Cl",0,,
"O=C1C2CC=CCC2C(=O)N1SC(Cl)(Cl)Cl",0,,
"O=C1CCC(C2CCCCC2)CC1",0,,
"O=C1CCC(N2C(=O)c3ccccc3C2=O)C(=O)N1",0,,
"O=C1CCCCC1",0,,
"O=C1CCCCCN1",0,,
"O=C1CCCO1",0,,
"O=C1CCc2ccc(OCCCCN3CCN(c4cccc(Cl)c4Cl)CC3)cc2N1",1,100.0,"Ki"
"O=C1CN(N=Cc2ccc([N+](=O)[O-])o2)C(=O)N1",0,,
"O=C1COc2cc(CN3CCN(c4ccc(Cl)cc4)CC3)ccc2N1",1,755.5,"Ki, IC50"
"O=C1OC(=O)C2C3C=CC(C3)C12",0,,
"O=C1O[C@H]([C@H](O)CO)C([O-])=C1O",0,,
"O=C1[N-]S(=O)(=O)c2ccccc21",0,,
"O=C1c2ccccc2C(=O)N1CCc1noc(-c2ccc(CN3CCCCCC3)s2)n1",1,,
"O=C=NCCCCCCN=C=O",0,,
"O=CCCCC=O",0,,
"O=Cc1ccccc1C=O",0,,
"O=Cc1ccco1",0,,
"O=NN(c1ccccc1)c1ccccc1",0,,
"O=N[O-]",0,,
"O=P(OCCCl)(OCCCl)OCCCl",0,,
"O=P1(N(CCCl)CCCl)NCCCO1",0,,
"O=S(=O)(NC1CCC(Nc2ncc3ccccc3n2)CC1)c1ccc(Br)cc1OC(F)(F)F",1,57.0,"IC50"
"O=S(=O)(NCC1CCC(CNc2ncc3ccccc3n2)CC1)c1ccc(Br)cc1OC(F)(F)F",1,140.0,"IC50"
"O=S(=O)(Nc1ccc2c(c1)C(C1CCNC1)=CC2)c1c(Cl)nc2sccn12",1,891.0,"IC50"
"O=S(=O)(O)C(F)(F)C(F)(F)C(F)(F)C(F)(F)C(F)(F)C(F)(F)C(F)(F)C(F)(F)F",0,,
"O=S(=O)([O-])C(F)(F)C(F)(F)C(F)(F)C(F)(F)C(F)(F)C(F)(F)C(F)(F)C(F)(F)F",0,,
"O=S(=O)([O-])C(F)(F)C(F)(F)C(F)(F)C(F)(F)C(F)(F)C(F)(F)F",0,,
"O=S(=O)([O-])C(F)(F)C(F)(F)C(F)(F)C(F)(F)F",0,,
"O=[N+]([O-])C(Br)(CO)CO",0,,
"O=[N+]([O-])C(CO)(CO)CO",0,,
"O=[N+]([O-])c1c(Cl)c(Cl)c(Cl)c(Cl)c1Cl",0,,
"O=[N+]([O-])c1cc(C(F)(F)F)c(Cl)c([N+](=O)[O-])c1Nc1ncc(C(F)(F)F)cc1Cl",0,,
"O=[N+]([O-])c1ccc(Cl)cc1",0,,
"O=[N+]([O-])c1ccc(O)c([N+](=O)[O-])c1",0,,
"O=[N+]([O-])c1ccc(O)cc1",0,,
"O=[N+]([O-])c1ccc(Oc2ccc(Cl)cc2Cl)cc1",0,,
"O=[N+]([O-])c1ccc([O-])cc1",0,,
"O=[N+]([O-])c1ccc2c(c1)CNC(C(F)F)C2",1,3600.0,"Ki"
"O=[N+]([O-])c1ccc2c(c1)CNC(CF)C2",1,3200.0,"Ki"
"O=[N+]([O-])c1ccc2c(c1)CNC(CO)C2",1,3900.0,"Ki"
"O=[N+]([O-])c1cccc([N+](=O)[O-])c1",0,,
"O=[Si]=O",0,,
"O=c1[nH]c2ccc(S(=O)CCN3CCC(Cc4ccc(F)cc4)CC3)cc2o1",1,,
"O=c1[nH]c2ccccc2n1CCCN1CCC(n2c(=O)[nH]c3cc(Cl)ccc32)CC1",1,1883.5,"IC50, Ki"
"O=c1[nH]cc(F)c(=O)[nH]1",0,,
"O=c1[nH]cnc2c1ncn2[C@H]1CC[C@@H](CO)O1",0,,
"O=c1[nH]sc2ccccc12",0,,
"O=c1c(-c2ccc(O)cc2)coc2cc(O)ccc12",0,,
"O=c1ccc(=O)[nH][nH]1",0,,
"O=c1n(CC2CO2)c(=O)n(CC2CO2)c(=O)n1CC1CO1",0,,
"O=c1n(CCCN2CCN(c3cccc(Cl)c3)CC2)nc2ccccn12",1,625.0,"IC50, Ki"
"O=c1n(Cl)c(=O)n(Cl)c(=O)n1Cl",0,,
"O=c1ncn2nc(Sc3ccc(F)cc3F)ccc2c1-c1c(Cl)cccc1Cl",0,23490.0,"IC50, Ki"
"OC(CCl)CCl",1,,
"OC(Cn1cncn1)(Cn1cncn1)c1ccc(F)cc1F",0,,
"OC(c1c[nH]cn1)c1cccc2ccccc12",0,61900.0,"IC50"
"OC(c1ccc(Cl)cc1)(c1ccc(Cl)cc1)C(Cl)(Cl)Cl",0,,
"OC(c1ccc(Cl)cc1)(c1cncnc1)c1ccccc1Cl",0,,
"OC12N=C(c3ccccc3)SC1Cc1cc(Cl)ccc12",0,,
"OC1CCC(C2CCCCC2)CC1",0,,
"OC1CCCCC1",0,,
"OCC(CO)(CBr)CBr",0,,
"OCC(CO)(CO)CO",0,,
"OCC(CO)n1cnc(-c2ccc(F)cc2)c1-c1ccnc(Oc2ccccc2)n1",0,,
"OCC(O)CO",0,,
"OCC1CO1",0,,
"OCCC(F)(F)C(F)(F)C(F)(F)C(F)(F)C(F)(F)C(F)(F)C(F)(F)C(F)(F)F",0,,
"OCCC(F)(F)C(F)(F)C(F)(F)C(F)(F)C(F)(F)C(F)(F)F",0,,
"OCCCBr",0,,
"OCCCl",0,,
"OCCN1CCN(CCCN2c3ccccc3Sc3ccc(C(F)(F)F)cc32)CC1",1,147.5,"Ki, IC50"
"OCCO",0,,
"OCCOCCN1CCN(C2=Nc3cc(Cl)ccc3Oc3ncccc32)CC1",1,452.0,"Ki"
"OCCOCCO",0,,
"OCCOCCOCCO",0,,
"OCCOc1ccccc1",0,,
"OC[C@@H](O)[C@@H](O)[C@H](O)[C@H](O)CO",0,,
"OCc1ccccc1",0,,
"Oc1c(Cl)c(Cl)c(Cl)c(Cl)c1Cl",0,,
"Oc1c(Cl)cc(Cl)c(Cl)c1Cc1c(O)c(Cl)cc(Cl)c1Cl",1,3778.85,"IC50, Ki"
"Oc1c(Cl)cc(Cl)cc1Cl",0,,
"Oc1c(Cl)cc(Cl)cc1Sc1cc(Cl)cc(Cl)c1O",1,2629.0,"IC50, Ki"
"Oc1cc(Cl)c(Cl)cc1Cl",0,,
"Oc1cc(Cl)ccc1Oc1ccc(Cl)cc1Cl",0,,
"Oc1cc2ccccc2c2ccccc12",0,,
"Oc1ccc(C(c2ccc(O)cc2)(C(F)(F)F)C(F)(F)F)cc1",0,,
"Oc1ccc(C(c2ccc(O)cc2)C(Cl)(Cl)Cl)cc1",0,,
"Oc1ccc(Cl)cc1Cc1ccccc1",0,,
"Oc1ccc(Cl)cc1Cl",0,,
"Oc1ccc(O)cc1",0,,
"Oc1ccc2c(c1)-c1ccccc1C2",0,,
"Oc1ccc2c(c1O)C[C@@H](c1ccccc1)[C@@H]1CCNC[C@@H]21",1,3500.0,"Ki"
"Oc1ccc2ccc3cccc4ccc1c2c34",0,,
"Oc1ccc2ccccc2c1",0,,
"Oc1cccc(O)c1",0,,
"Oc1cccc2c1CCCC2c1c[nH]cn1",1,8.71,"Ki"
"Oc1cccc2cccnc12",0,,
"Oc1ccccc1",0,,
"Oc1ccccc1Cl",0,,
"Oc1ccccc1O",0,,
"Oc1nc(O)nc(O)n1",0,,
"S=C(NC1CCCCC1)N1CCC(c2cnc[nH]2)CC1",1,125.89,"Ki"
"S=C([S-])NCCNC(=S)[S-].S=C([S-])NCCNC(=S)[S-].[Mn+2].[Zn+2]",0,,
"Sc1nc2ccccc2s1",0,,
"[2H]C1([2H])[n+]2ccccc2-c2cccc[n+]2C1([2H])[2H]",0,,
"[Hg+2]",1,,
"[N-]=[N+]=[N-]",0,,
"[O-][n+]1ccccc1[S-]",0,,
"c1c[nH]c(Nc2ccc3[nH]cnc3c2)n1",1,76.0,"Ki"
"c1cc(-c2c[nH]cn2)c2ccsc2c1",1,277.0,"Ki"
"c1cc(-c2ccncc2)ccn1",0,,
"c1cc2c3c(cccc3c1)CC2",0,,
"c1cc2ccc3cccc4ccc(c1)c2c34",0,,
"c1ccc(-c2ccc3c(c2)OCC(C2=NCCN2)O3)cc1",1,281.84,"Ki"
"c1ccc(-c2cccc3c2OC(C2=NCCN2)CO3)cc1",1,239.88,"Ki"
"c1ccc(-c2cccc3c2OCC(C2=NCCN2)O3)cc1",1,724.44,"Ki"
"c1ccc(-c2ccccc2)cc1",0,,
"c1ccc(-c2ccccc2C2OC2C2=NCCN2)cc1",1,2070.3999999999996,"Ki, EC50, Ki"
"c1ccc(-c2ccccc2OC(C2=NCCN2)c2ccccc2)cc1",1,619.94,"EC50, Ki"
"c1ccc(-c2ccccc2[C@@H]2Cc3nccn3C2)cc1",1,213.0,"Ki"
"c1ccc(-n2cccn2)c([C@@H]2Cc3nccn3C2)c1",1,1100.0,"Ki"
"c1ccc(C2(c3ccccc3)COCC(C3=NCCN3)O2)cc1",1,3801.89,"Ki"
"c1ccc(C2CC2)c(OCC2=NCCN2)c1",1,58.88,"Ki, Ki"
"c1ccc(C2CO2)cc1",0,,
"c1ccc(C2COC(C3=NCCN3)CO2)cc1",1,501.19,"Ki"
"c1ccc(CCC[C@H]2C3CCC(C3)[C@H]2NC2=NCCO2)cc1",1,32.785,"EC50, Ki"
"c1ccc(CCC[C@H]2CCCC[C@@H]2NC2=NCCO2)cc1",1,15.14,"Ki"
"c1ccc(CC[C@H]2CCCC[C@@H]2NC2=NCCO2)cc1",1,1.445,"Ki"
"c1ccc(CN2CCN(CC3CCc4ccccc4O3)CC2)cc1",1,156.55,"Ki, Ki"
"c1ccc(C[C@H]2C3CCC(C3)[C@H]2NC2=NCCO2)cc1",1,13.8,"Ki"
"c1ccc(C[C@H]2CCCC[C@@H]2NC2=NCCO2)cc1",1,20.89,"Ki"
"c1ccc(C[n+]2cccc3ccccc32)cc1",0,,
"c1ccc(N=Nc2ccccc2)cc1",0,,
"c1ccc(Nc2ccccc2)cc1",0,,
"c1ccc(OC(C2=NCCN2)c2ccccc2)cc1",1,93.33,"Ki"
"c1ccc(OC2CC2)c(OCC2=NCCN2)c1",1,316.23,"Ki"
"c1ccc(OCC2=NCCN2)c(CC2CC2)c1",1,77.62,"Ki"
"c1ccc(OP(Oc2ccccc2)Oc2ccccc2)cc1",0,,
"c1ccc(Oc2ncccc2COCCN2CCCN(CC3COc4ccccc4O3)CC2)cc1",1,170.55,"Ki, Ki"
"c1ccc([C@@H]2COC[C@@H](C3=NCCN3)O2)cc1",1,6309.57,"Ki"
"c1ccc([C@@H]2CO[C@@H](C3=NCCN3)CO2)cc1",1,398.11,"Ki"
"c1ccc([C@@H]2Cc3nccn3C2)c(-c2ncco2)c1",1,805.0,"Ki"
"c1ccc([C@@H]2Cc3nccn3C2)c(-c2nccs2)c1",1,1750.0,"Ki"
"c1ccc([C@H]2CCCC[C@@H]2NC2=NCCO2)cc1",1,18.2,"Ki"
"c1ccc([C@H]2Cc3nccn3C2)c(-c2ncco2)c1",1,1020.0,"Ki"
"c1ccc2[nH]nnc2c1",0,,
"c1ccc2c(Cc3c[nH]cn3)cccc2c1",1,3000.0,"IC50"
"c1ccc2c(N=C3NCCN3)n[nH]c2c1",1,82.0,"EC50"
"c1ccc2c(c1)-c1cccc3c1c-2cc1ccccc13",0,,
"c1ccc2c(c1)-c1cccc3cccc-2c13",0,,
"c1ccc2c(c1)CCCC2NC1=NCCCO1",1,127.395,"EC50, Ki"
"c1ccc2c(c1)CCCC2NC1=NCCO1",1,1.7595,"EC50, Ki"
"c1ccc2c(c1)C[C@]1(c3c[nH]cn3)C[C@H]21",1,0.058929999999999996,"Ki, Ki, Ki"
"c1ccc2c(c1)Cc1ccccc1-2",0,,
"c1ccc2c(c1)[C@H]1C[C@@]1(c1c[nH]cn1)C21CC1",1,1.6078999999999999,"Ki, Ki, Ki"
"c1ccc2c(c1)ccc1ccccc12",0,,
"c1ccc2c(c1)cnn2CC1=NCCN1",1,4500.0,"EC50"
"c1ccc2c(c1)cnn2N=C1NCCN1",1,101.77666666666666,"EC50, Ki, EC50"
"c1ccc2c(c1)oc1ccccc12",0,,
"c1ccc2cc3ccccc3cc2c1",0,,
"c1ccc2ncccc2c1",0,,
"c1ccc2oc(C3=NCCN3)cc2c1",0,26915.35,"Ki"
"c1ccc2occc2c1",0,,
"c1ccc2sc(SSc3nc4ccccc4s3)nc2c1",1,618.0,"IC50, Ki"
"c1cncc(-c2cccc3c2CCC3c2ncc[nH]2)c1",1,4580.0,"EC50"
"c1coc(C2CN/C(=N/c3ccc4c(c3)CCCC4)N2)c1",1,691.83,"Ki"
"c1coc(C2CN/C(=N/c3ccc4c(c3)OCO4)N2)c1",1,1698.24,"Ki"
"c1nc(C2CCCc3sccc32)c[nH]1",1,27.0,"Ki"
