"SMILES","Binary Activity","STANDARD_VALUE","STANDARD_TYPE"
"Brc1ccc(Oc2ccccc2)cc1",0,,
"C#CCC1=C(C)C(OC(=O)C2C(C=C(C)C)C2(C)C)CC1=O",0,,
"C#CCOC(=O)[C@@H](C)Oc1ccc(Oc2ncc(Cl)cc2F)cc1",0,,
"C#CCOS(=O)OC1CCCCC1Oc1ccc(C(C)(C)C)cc1",0,,
"C/C(=N\C#N)N(C)Cc1ccc(Cl)nc1",0,,
"C/C=C/C=C/C(=O)O",0,,
"C/C=C/c1ccc(OC)cc1",0,,
"C/C=C\C(OC)[C@@H]1CC[C@@H](C)[C@](O)(C(=O)C(=O)N2CCCC[C@H]2C(=O)OCc2ccccc2)C1",1,112.0,"Ki"
"C1=CCCC=CCCC=CCC1",0,,
"C1CC2OC2CC1C1CO1",0,,
"C1N2CN3CN1CN(C2)C3",0,,
"C=C(C)C(N)=O",0,,
"C=C(C)CN(CC)c1c([N+](=O)[O-])cc(C(F)(F)F)cc1[N+](=O)[O-]",0,,
"C=C(C)CNC(=O)N1CCCC[C@H]1C(=O)OCc1ccccc1",1,7200.0,"Ki"
"C=C(C)[C@H]1Cc2c(ccc3c2O[C@@H]2COc4cc(OC)c(OC)cc4[C@@H]2C3=O)O1",0,,
"C=CC(=C)CCC=C(C)C",0,,
"C=CC(C)(C)[C@@H](CCc1ccccc1)OC(=O)[C@@H]1CCCCN1C(=O)C(=O)C(C)(C)CC",1,250.0,"Ki"
"C=CC(N)=O",0,,
"C=CC1(C)OC(=O)N(c2cc(Cl)cc(Cl)c2)C1=O",0,,
"C=CCC1/C=C(\C)CCOC(=O)OC(=O)CCC(=O)C(=O)OC(=O)C(=O)N2CCCC[C@H]2C(=O)O[C@H](CCc2cccnc2)[C@H](C)CCC1=O",1,5500.0,"Kd"
"C=CCC1/C=C(\C)CCOC(=O)OC(=O)CCCC(=O)C(=O)OC(=O)C(=O)N2CCCC[C@H]2C(=O)O[C@H](CCc2cccnc2)[C@H](C)CCC1=O",1,2000.0,"Kd"
"C=CCC1=C(C)C(OC(=O)C2C(C=C(C)C)C2(C)C)CC1=O",0,,
"C=CCCCCCCCCC(=O)O",0,,
"C=CCCC[C@H](OC(=O)[C@@H]1CCCCN1C(=O)C(=O)[C@@]1(O)CCCCO1)/C(C)=C/[C@@H]1CC[C@@H](O)[C@H](OC)C1",0,29000.0,"Kd"
"C=CCCC[C@H](OC(=O)[C@@H]1CCCCN1C(=O)C(=O)[C@@]1(O)CC[C@H](OC)[C@@H](COC)O1)/C(C)=C/[C@@H]1CC[C@@H](O)[C@H](OC)C1",0,40000.0,"Kd"
"C=CCCC[C@H](OC(=O)[C@@H]1CCCCN1C(=O)C(=O)[C@]1(O)OCCC[C@H]1C)/C(C)=C/[C@@H]1CC[C@@H](O)[C@H](OC)C1",1,200.0,"Kd"
"C=CCCC[C@H](OC(=O)[C@@H]1CCCCN1C(=O)C(=O)[C@]1(O)O[C@H](COC)[C@@H](OC)C[C@H]1C)/C(C)=C/[C@@H]1CC[C@@H](O)[C@H](OC)C1",1,10.0,"Kd"
"C=CCN(CC=C)C(=O)c1cccc([C@@H](CCc2ccccc2)OC(=O)[C@@H]2CCCCN2C(=O)C(=O)C(C)(C)CC)c1",1,5.0,"Ki"
"C=CCOC(=O)C(C)(C)OC(=O)c1cc(-n2c(=O)cc(C(F)(F)F)n(C)c2=O)ccc1Cl",0,,
"C=CCOC(=O)c1ccccc1C(=O)OCC=C",0,,
"C=CC[C@@H](C(=O)N1CCCC[C@H]1C(=O)OC(CCc1ccc(OC)c(OC)c1)c1cccc(OCC(=O)O)c1)c1cc(OC)c(OC)c(OC)c1",1,19.0,"IC50"
"C=CC[C@@H](C(=O)N1CCCC[C@H]1C(=O)O[C@H](CCc1ccc(OC)c(OC)c1)c1cccc(OCC(=O)O)c1)C1CCCCC1",1,1000.0,"Ki"
"C=CC[C@@H]1/C=C(\C)C[C@H](C)C(=O)OCC(C)(C)C(=O)C(=O)N2CCCC[C@H]2C(=O)OCCCOC1=O",1,130.0,"Ki"
"C=CC[C@@H]1/C=C(\C)C[C@H](C)C(=O)OCC(C)(C)C(=O)C(=O)N2CCCC[C@H]2C(=O)O[C@H](CCc2ccccc2)[C@H](C)COC1=O",1,6000.0,"Ki"
"C=CCc1ccc(O)c(OC)c1",0,,
"C=CN1CCCC1=O",0,,
"CC#Cc1cc(C)nc(Nc2ccccc2)n1",0,,
"CC(=O)CC(c1ccccc1)c1c(O)c2ccccc2oc1=O",0,,
"CC(=O)Nc1ccc(O)cc1",0,,
"CC(=O)OC1CC(C)OC(C)O1",0,,
"CC(=O)OCCC(C)C",0,,
"CC(=O)OCCOCCOCCOC(C)=O",0,,
"CC(=O)OC[C@H]1O[C@H](O[C@]2(COC(C)=O)O[C@H](COC(C)=O)[C@@H](OC(C)=O)[C@@H]2OC(C)=O)[C@H](OC(C)=O)[C@@H](OC(C)=O)[C@@H]1OC(C)=O",0,,
"CC(=O)O[Hg]c1ccccc1",0,,
"CC(=O)S[C@H](C(=O)N[C@H]1Cc2ccccc2[C@H]2CCC[C@@H](C(=O)O)N2C1=O)C(C)C",0,,
"CC(=O)[C@H]1CC[C@H]2[C@@H]3CCC4=CC(=O)CC[C@]4(C)[C@H]3CC[C@]12C",0,,
"CC(=O)c1ccc2c(c1)[C@H](NC(=O)c1ccc(F)cc1)[C@@H](O)C(C)(C)O2",0,,
"CC(=O)c1ccccc1",0,,
"CC(C)(C)C(=O)C(=O)N1CCCC1C(=O)OCCCc1cccnc1",1,3.0,"Ki"
"CC(C)(C)C(=O)C(=O)N1CCCCC1C(=O)OC(CCCc1ccccc1)CCCc1ccccc1",1,5.0,"Ki"
"CC(C)(C)C(=O)C(=O)N1CCCCC1C(=O)OCCCC1CCCCC1",1,32.0,"Ki"
"CC(C)(C)C(=O)C(Oc1ccc(Cl)cc1)n1cncn1",0,,
"CC(C)(C)C(O)(CCc1ccc(Cl)cc1)Cn1cncn1",0,,
"CC(C)(C)C(O)/C(=C\c1ccc(Cl)cc1Cl)n1cncn1",0,,
"CC(C)(C)C(O)C(Oc1ccc(Cl)cc1)n1cncn1",0,,
"CC(C)(C)CC(=O)C(=O)N1CCCC[C@H]1C(=O)OCCC/N=C(S)/N=C1\C=CC(=C2c3ccc(O)cc3Oc3cc(O)ccc32)C(C(=O)O)=C1",1,731.0,"Ki, IC50"
"CC(C)(C)CNC(=O)N1CCCC[C@H]1C(=O)OCCCCc1ccccc1",1,150.0,"Ki"
"CC(C)(C)CNC(=O)N1CCCC[C@H]1C(=O)OCc1cccc(Oc2ccccc2)c1",1,220.0,"Ki"
"CC(C)(C)CNC(=O)N1CCCC[C@H]1C(=O)OCc1ccccc1",1,790.0,"Ki"
"CC(C)(C)CNC(=O)N1CCCC[C@H]1C(=O)O[C@H](CCc1ccccc1)c1ccccc1",1,350.0,"Ki"
"CC(C)(C)OOC(=O)c1ccccc1",0,,
"CC(C)(C)OOC(C)(C)C",0,,
"CC(C)(C)OOC(C)(C)CCC(C)(C)OOC(C)(C)C",0,,
"CC(C)(C)c1cc(/C=C2\SC(=N)NC2=O)cc(C(C)(C)C)c1O",0,,
"CC(C)(C)c1cc(C(C)(C)C)c(O)c(C(C)(C)C)c1",0,,
"CC(C)(C)c1cc(O)ccc1O",0,,
"CC(C)(C)c1ccc(CSc2cnn(C(C)(C)C)c(=O)c2Cl)cc1",0,,
"CC(C)(C)c1ccc(O)c(C(C)(C)C)c1",0,,
"CC(C)(C)c1ccc(O)cc1",0,,
"CC(C)(C)c1cccc(C(C)(C)C)c1O",0,,
"CC(C)(C)c1ccccc1O",0,,
"CC(C)(O)c1ccc(CNC(=O)c2cccnc2Oc2ccc(F)cc2)cc1",0,,
"CC(C)(O)c1ccc(CNC(=O)c2cccnc2Oc2ccc3nonc3c2)cc1",0,,
"CC(C)(O)c1coc(S(=O)(=O)NC(=O)Nc2c3c(cc4c2CCC4)CCC3)c1",0,,
"CC(C)(OO)c1ccccc1",0,,
"CC(C)(c1ccccc1)c1ccc(O)c(C(C)(C)c2ccccc2)c1",0,,
"CC(C)(c1ccccc1)c1ccc(O)cc1",0,,
"CC(C)=CC1C(C(=O)OCN2C(=O)C3=C(CCCC3)C2=O)C1(C)C",0,,
"CC(C)=CCC/C(C)=C/CO",0,,
"CC(C)=CCCC(C)=CC=O",0,,
"CC(C)=CCCC(C)CCO",0,,
"CC(C)C(=O)Nc1ccc([N+](=O)[O-])c(C(F)(F)F)c1",0,,
"CC(C)C(=O)OCC(C)(C)C(OC(=O)C(C)C)C(C)C",0,,
"CC(C)C1(C)N=C(c2nc3ccccc3cc2C(=O)O)NC1=O",0,,
"CC(C)C1(C)N=C(c2ncccc2C(=O)O)NC1=O",0,,
"CC(C)CC(C)(O)C#CC(C)(O)CC(C)C",0,,
"CC(C)CC(C)O",0,,
"CC(C)COC(=O)c1ccccc1C(=O)OCC(C)C",0,,
"CC(C)N(Cc1ccccc1)C(=O)C(C)(C)C",0,,
"CC(C)N1C(=O)N(c2ccccc2)CSC1=NC(C)(C)C",0,,
"CC(C)NC(=O)N1CC(=O)N(c2cc(Cl)cc(Cl)c2)C1=O",0,,
"CC(C)Nc1nc(Cl)nc(NC(C)C)n1",0,,
"CC(C)OC(=O)C(C)(C)Oc1ccc(C(=O)c2ccc(Cl)cc2)cc1",0,,
"CC(C)OC(=O)Nc1cccc(Cl)c1",0,,
"CC(C)OP(C)(=O)OC(C)C",0,,
"CC(C)Oc1cccc(NC(=O)c2ccccc2C(F)(F)F)c1",0,,
"CC(C)[C@@H]1CC[C@@H](C)[C@](O)(C(=O)C(=O)N2CCCC[C@H]2C(=O)OCc2ccccc2)C1",0,105105.0,"Ki, Ki"
"CC(C)[C@H](C(=O)O[C@H](C#N)c1cccc(Oc2ccccc2)c1)c1ccc(Cl)cc1",0,,
"CC(C)c1ccc(C(=O)N=C(N)N)cc1S(C)(=O)=O",0,,
"CC(C)c1ccc(CCC(=O)N2CCOCC2)cc1",1,2300.0,"Kd"
"CC(C)c1ccc(OCC(=O)N2CCOCC2)cc1",0,100000.0,"Kd"
"CC(C)c1ccc(SC(F)(F)C(=O)N2CCOCC2)cc1",1,2800.0,"Kd"
"CC(C)c1ccc(SCC(=O)N2CCOCC2C(=O)O)cc1",0,426000.0,"Kd"
"CC(C)c1ccc(SCC(=O)N2CCOCC2C(=O)OCCCc2cccnc2)cc1",1,5600.0,"Kd"
"CC(C)c1cccc(C(C)C)c1",0,,
"CC(C)c1cccc(C(C)C)c1N1C(=O)c2ccc(O)cc2C1=O",0,,
"CC(C)c1nnc2ccc(-c3ocnc3-c3cc(F)ccc3F)cn12",0,,
"CC(C1CC1)C(O)(Cn1cncn1)c1ccc(Cl)cc1",0,,
"CC(COc1ccc(Oc2ccccc2)cc1)Oc1ccccn1",0,,
"CC(Cc1ccc(OCC(=O)O)cc1)NCC(O)c1csc(C(F)(F)F)n1",0,,
"CC(Cl)(Cl)C(=O)O",0,,
"CC(O)CCO",0,,
"CC(O)CN(CCN(CC(C)O)CC(C)O)CC(C)O",0,,
"CC(O)CO",0,,
"CC(Oc1cccc(Cl)c1)C(=O)O",0,,
"CC(c1ccc(O)cc1)(c1ccc(O)cc1)c1ccc(O)cc1",0,,
"CC/C(=C(/CC)c1ccc(O)cc1)c1ccc(O)cc1",0,,
"CC/C(=C(\c1ccccc1)c1ccc(OCCN(C)C)cc1)c1ccccc1",0,,
"CC/C(=C(\c1ccccc1)c1ccc(OCCN(C)C)cc1)c1ccccc1.O=C(O)CC(O)(CC(=O)O)C(=O)O",0,,
"CC1(C)C(=O)N(Cl)C(=O)N1Cl",0,,
"CC1(C)C(=O)NC(=O)N1CO",0,,
"CC1(C)C(C=C(Cl)Cl)C1C(=O)OC(C#N)c1ccc(F)c(Oc2ccccc2)c1",0,,
"CC1(C)C(C=C(Cl)Cl)C1C(=O)OC(C#N)c1cccc(Oc2ccccc2)c1",0,,
"CC1(C)C(C=C(Cl)Cl)C1C(=O)OCc1cccc(Oc2ccccc2)c1",0,,
"CC1(C)CC(N=C=O)CC(C)(CN=C=O)C1",0,,
"CC1(C)CCC(=Cc2ccc(Cl)cc2)C1(O)Cn1cncn1",0,,
"CC1(CNC(=O)N2CCCC[C@H]2C(=O)OCCCCc2ccccc2)CCCCC1",1,120.0,"Ki"
"CC1(CNC(=O)N2CCCC[C@H]2C(=O)OCc2cccc(Oc3ccccc3)c2)CCCCC1",1,200.0,"Ki"
"CC1(CNC(=O)N2CCCC[C@H]2C(=O)OCc2ccccc2)CCCC1",1,570.0,"Ki"
"CC1(CNC(=O)N2CCCC[C@H]2C(=O)OCc2ccccc2)CCCCC1",1,550.0,"Ki"
"CC1(c2ccc(Oc3ccccc3)cc2)OC(=O)N(Nc2ccccc2)C1=O",0,,
"CC1=C(/C=C/C(C)=C/C=C/C(C)=C/C(=O)O)C(C)(C)CCC1",0,,
"CC1=C(/C=C/C(C)=C/C=C/C(C)=C/CO)C(C)(C)CCC1",0,,
"CC1=C(C)S(=O)(=O)CCS1(=O)=O",0,,
"CC1=CC(=O)CC(C)(C)C1",0,,
"CC1=NNC(=O)N(/N=C/c2cccnc2)C1",0,,
"CC1CN(C(=O)CSc2ccccc2)CC(C)O1",0,726000.0,"Kd"
"CCC(=O)Nc1ccc(Cl)c(Cl)c1",0,,
"CCC(C)(C)C(=O)C(=O)N1C2CCCC1C(=O)OCCCCOC2=O",1,8300.0,"Ki"
"CCC(C)(C)C(=O)C(=O)N1C2CCC[C@H]1C(=O)N1CCc3cc(OC)cc(OC)c3[C@]21C",0,27700.0,"Ki"
"CCC(C)(C)C(=O)C(=O)N1CCCC1C(=O)OC/C=C/c1cc(OC)ccc1OC",1,450.0,"Ki"
"CCC(C)(C)C(=O)C(=O)N1CCCC1C(=O)OCCCC1CCCCC1",1,194.0,"Ki"
"CCC(C)(C)C(=O)C(=O)N1CCCC1C(=O)OCCCc1cc(OC)ccc1OC",1,250.0,"Ki"
"CCC(C)(C)C(=O)C(=O)N1CCCC1C(=O)OCCCc1ccc2c(c1)OCO2",1,170.0,"Ki"
"CCC(C)(C)C(=O)C(=O)N1CCCC1C(=O)OCCCc1ccccc1",1,42.0,"Ki"
"CCC(C)(C)C(=O)C(=O)N1CCCC1C(=O)OCCCc1ccccn1",1,195.0,"Ki"
"CCC(C)(C)C(=O)C(=O)N1CCCC1C(=O)OCCCc1cccnc1",1,7.5,"Ki"
"CCC(C)(C)C(=O)C(=O)N1CCCC1C(=O)OCCc1cc(OC)c(OC)c(OC)c1",1,120.0,"Ki"
"CCC(C)(C)C(=O)C(=O)N1CCCCC1C(=O)OC(CCc1ccccc1)CCc1ccccc1",1,20.0,"Ki"
"CCC(C)(C)C(=O)C(=O)N1CCCCC1C(=O)OCCC(c1ccccc1)c1ccccc1",1,8.3,"Ki"
"CCC(C)(C)C(=O)C(=O)N1CCCCC1C(=O)OCCCC1CCCCC1",1,170.0,"Ki"
"CCC(C)(C)C(=O)C(=O)N1CCCCC1C(=O)OCCCCc1ccc(OC)cc1",1,60.0,"Ki"
"CCC(C)(C)C(=O)C(=O)N1CCCCC1C(=O)OCCCc1cc(OC)c(OC)c(OC)c1",1,25.0,"Ki"
"CCC(C)(C)C(=O)C(=O)N1CCCCC1C(=O)O[C@H](CCc1ccccc1)c1ccccc1",1,17.0,"Ki"
"CCC(C)(C)C(=O)C(=O)N1CCCC[C@H]1C(=O)NCCC(c1ccccc1)c1ccccc1",1,420.0,"Ki"
"CCC(C)(C)C(=O)C(=O)N1CCCC[C@H]1C(=O)OC",0,17100.0,"IC50"
"CCC(C)(C)C(=O)C(=O)N1CCCC[C@H]1C(=O)OCCOc1ccc(OC)c(OC)c1",1,2450.0,"IC50"
"CCC(C)(C)C(=O)C(=O)N1CCCC[C@H]1C(=O)O[C@H](CCc1ccc(OC)c(OC)c1)c1cccc(N)c1",1,100.0,"IC50"
"CCC(C)(C)C(=O)C(=O)N1CCCC[C@H]1C(=O)O[C@H](CCc1ccc(OC)c(OC)c1)c1cccc(OCC(=O)O)c1",1,109.33333333333333,"IC50, IC50, IC50"
"CCC(C)(C)C(=O)C(=O)N1CCCC[C@H]1C(=O)O[C@H](CCc1ccccc1)C(C)(C)/C=C/C(=O)C1CCCCC1",1,340.0,"Ki"
"CCC(C)(C)C(=O)C(=O)N1CCCC[C@H]1C(=O)O[C@H](CCc1ccccc1)c1cccc(C(=O)c2ccccc2)c1",1,5.0,"Ki"
"CCC(C)(C)C(=O)C(=O)N1CCC[C@H]1C(=O)NCCCc1ccccc1",1,550.5,"Ki, Ki"
"CCC(C)(C)C(=O)C(=O)N1CCC[C@H]1C(=O)OCCC/N=C(S)/N=C1\C=CC(=C2c3ccc(O)cc3Oc3cc(O)ccc32)C(C(=O)O)=C1",1,1475.0,"Ki, IC50"
"CCC(C)(C)C(=O)C(=O)N1CCC[C@H]1C(=O)OCCCc1cccnc1",1,313.7525,"Ki, Ki, Ki, IC50"
"CCC(C)(C)C(=O)C(=O)N1CCC[C@H]1C(=O)O[C@H](CCc1ccc(OC)c(OC)c1)c1cccc(OCC(=O)O)c1",1,800.0,"IC50"
"CCC(C)(C)C(=O)C(=O)N1CCC[C@H]1C(=O)O[C@H](CCc1ccccc1)c1ccccc1",1,52.0,"Ki"
"CCC(C)(C)C(=O)C(=O)N1CCC[C@H]1C(=O)SCCC(c1ccccc1)c1ccccc1",1,7.0,"Ki"
"CCC(C)(C)C(=O)C(=O)N1CCC[C@H]1C(=O)SCCCc1ccc(OC)cc1",1,8.9,"Ki"
"CCC(C)(C)C(=O)C(=O)N1CCC[C@H]1C(=O)SCCCc1ccc2ccccc2c1",1,6.0,"Ki"
"CCC(C)(C)C(=O)C(=O)N1CCSC[C@H]1C(=O)O[C@H](CCc1ccc(OC)c(OC)c1)c1cccc(OCC(=O)O)c1",1,1290.0,"IC50"
"CCC(C)(C)C(=O)O[C@H]1C[C@@H](C)C=C2C=C[C@H](C)[C@H](CC[C@@H]3C[C@@H](O)CC(=O)O3)[C@H]21",0,,
"CCC(C)(C)NC(=O)N1CCCC1C(=O)OCCCc1cccnc1",1,742.0,"Ki"
"CCC(C)(C)c1ccc(O)c(C(C)(C)CC)c1",0,,
"CCC(C)(C)c1ccc(O)cc1",0,,
"CCC(C)(CC)c1cc(NC(=O)c2c(OC)cccc2OC)on1",0,,
"CCC(C)(NC(=O)c1cc(Cl)c(C)c(Cl)c1)C(=O)CCl",0,,
"CCC(C)(c1ccc(O)cc1)c1ccc(O)cc1",0,,
"CCC(C)=NO",0,,
"CCC(C)C(=O)C(=O)N1CCCCC1C(=O)OCCCc1cc(OC)c(OC)c(OC)c1",1,4200.0,"IC50"
"CCC(C)OC(=O)N1CCCCC1CCO",0,,
"CCC(C)c1ccc(O)cc1",0,,
"CCC(C)c1ccccc1O",0,,
"CCC(OC(=O)C1CCCCN1C(=O)C(=O)C(C)(C)CC)C(CCc1ccccc1)c1ccc(OC)cc1",1,15.0,"Ki"
"CCC([O-])=C1C(=O)CC(C(=O)[O-])CC1=O",0,,
"CCC1(c2ccccc2)C(=O)N=C([O-])NC1=O",0,,
"CCC12COCN1COC2",0,,
"CCCC(=NOCC)C1=C(O)CC(CC(C)SCC)CC1=O",0,,
"CCCC(=O)OCC",0,,
"CCCC(=O)OCCC(C)C",0,,
"CCCC(CCC)C(=O)O",0,,
"CCCC1COC(Cn2cncn2)(c2ccc(Cl)cc2Cl)O1",0,,
"CCCCC(C#N)(Cn1cncn1)c1ccc(Cl)cc1",0,,
"CCCCC(CC)C(=O)OCCOCCOCCOC(=O)C(CC)CCCC",0,,
"CCCCC(CC)CN1C(=O)C2C3C=CC(C3)C2C1=O",0,,
"CCCCC(CC)CO",0,,
"CCCCC(CC)COC(=O)CCCCC(=O)OCc1ccccc1",0,,
"CCCCC(CC)COC(=O)CCCCCCCC(=O)OCC(CC)CCCC",0,,
"CCCCC(CC)COC(=O)c1ccc(C(=O)OCC(CC)CCCC)c(C(=O)OCC(CC)CCCC)c1",0,,
"CCCCC(CC)COC(=O)c1ccc(C(=O)OCC(CC)CCCC)cc1",0,,
"CCCCC(CC)COC(=O)c1ccccc1C(=O)OCC(CC)CCCC",0,,
"CCCCC(CC)COP(=O)(OCC(CC)CCCC)OCC(CC)CCCC",0,,
"CCCCC=O",0,,
"CCCCCC(=O)O",0,,
"CCCCCCC(=O)O",0,,
"CCCCCCC(=O)OCC",0,,
"CCCCCCC(C)OC(=O)COc1nc(F)c(Cl)c(N)c1Cl",0,,
"CCCCCCCC(=O)OC",0,,
"CCCCCCCC/C=C\CCCCCCCC(=O)OC[C@@H](O)[C@H]1OC[C@H](O)[C@H]1O",0,,
"CCCCCCCC1CCC(=O)O1",0,,
"CCCCCCCC=O",0,,
"CCCCCCCCC(=O)O",0,,
"CCCCCCCCCC(=O)O",0,,
"CCCCCCCCCCC",0,,
"CCCCCCCCCCCC(=O)OC",0,,
"CCCCCCCCCCCCCCC",0,,
"CCCCCCCCCCCCCCCCCC(=O)O",0,,
"CCCCCCCCCCCCCCCCO",0,,
"CCCCCCCCCCCCCCCCOS(=O)(=O)[O-]",0,,
"CCCCCCCCCCCCCCO",0,,
"CCCCCCCCCCCCCCOS(=O)(=O)[O-]",0,,
"CCCCCCCCCCCCCN1CC(C)OC(C)C1",0,,
"CCCCCCCCCCCCCO",0,,
"CCCCCCCCCCCCN1CCCC1=O",0,,
"CCCCCCCCCCCCO",0,,
"CCCCCCCCCCCCOS(=O)(=O)[O-]",0,,
"CCCCCCCCCCCC[N+](C)(C)C",0,,
"CCCCCCCCCCCO",0,,
"CCCCCCCCCC[N+](C)(C)CCCCCCCCCC",0,,
"CCCCCCCCN(C)C",0,,
"CCCCCCCCO",0,,
"CCCCCCCCOC(=O)CCCCCCCCC(=O)OCCCCCCCC",0,,
"CCCCCCCCOC(=O)c1cc(O)c(O)c(O)c1",0,,
"CCCCCCCCOC(=O)c1ccccc1C(=O)OCCCCCCCC",0,,
"CCCCCCCCOc1ccc(C(=O)c2ccccc2)c(O)c1",0,,
"CCCCCCCCn1sccc1=O",0,,
"CCCCCCOC(=O)c1ccccc1C(=O)OCCCCCC",0,,
"CCCCCCOCCO",0,,
"CCCCCCc1ccc(O)cc1O",0,,
"CCCCCOC(=O)COc1cc(N2C(=O)C3=C(CCCC3)C2=O)c(F)cc1Cl",0,,
"CCCCCOC(=O)c1ccccc1C(=O)OCCCCC",0,,
"CCCCCOC(C)=O",0,,
"CCCCN(CCCC)N=O",0,,
"CCCCN(CCCC)SN(C)C(=O)Oc1cccc2c1OC(C)(C)C2",0,,
"CCCCN1C(=O)[C@@H]([C@H](O)C2CCCCC2)NC(=O)C12CCN(Cc1ccc(Oc3ccc(C(=O)O)cc3)cc1)CC2",0,,
"CCCCOC(=O)C(C)Oc1ccc(Oc2ccc(C(F)(F)F)cn2)cc1",0,,
"CCCCOC(=O)CCCCC(=O)OCCCC",0,,
"CCCCOC(=O)CCCCCCCCC(=O)OCCCC",0,,
"CCCCOC(=O)[C@@H](C)Oc1ccc(Oc2ccc(C#N)cc2F)cc1",0,,
"CCCCOC(=O)c1ccc(O)cc1",0,,
"CCCCOC(=O)c1ccccc1",0,,
"CCCCOC(=O)c1ccccc1C(=O)O",0,,
"CCCCOC(=O)c1ccccc1C(=O)OCCCC",0,,
"CCCCOCCO",0,,
"CCCCOCCOCCO",0,,
"CCCCOP(=O)(OCCCC)OCCCC",0,,
"CCCCSP(=O)(SCCCC)SCCCC",0,,
"CCCC[Sn](Cl)(CCCC)CCCC",0,,
"CCCCc1ccc2c(n1)[C@@H](c1ccc(OC)cc1C[C@H](C)C(=O)[O-])[C@H](C(=O)[O-])[C@H]2c1ccc2c(c1)OCO2",0,,
"CCCCc1ccccc1",0,,
"CCCCc1oc2ccccc2c1C(=O)c1cc(I)c(OCCN(CC)CC)c(I)c1",0,,
"CCCN(CC)CC1COC2(CCC(C(C)(C)C)CC2)O1",0,,
"CCCN(CCC)C(=O)SCC",0,,
"CCCN(CCC)N=O",0,,
"CCCN(CCC)c1c([N+](=O)[O-])cc(C(C)C)cc1[N+](=O)[O-]",0,,
"CCCN(CCC)c1c([N+](=O)[O-])cc(C(F)(F)F)c(N)c1[N+](=O)[O-]",0,,
"CCCN(CCC)c1c([N+](=O)[O-])cc(C(F)(F)F)cc1[N+](=O)[O-]",0,,
"CCCN(CCC)c1c([N+](=O)[O-])cc(S(N)(=O)=O)cc1[N+](=O)[O-]",0,,
"CCCN(CCOc1c(Cl)cc(Cl)cc1Cl)C(=O)n1ccnc1",0,,
"CCCOC(=O)NCCCN(C)C",0,,
"CCCOC(=O)c1cc(O)c(O)c(O)c1",0,,
"CCCOC(=O)c1ccc(C(=O)OCCC)nc1",0,,
"CCCOC(=O)c1ccc(O)cc1",0,,
"CCCOC/C(=N\c1ccc(Cl)cc1C(F)(F)F)n1ccnc1",0,,
"CCCOc1ccc(S(=O)(=O)N2CCN(CC)CC2)cc1-c1nc2c(CC)n(Cc3ccccn3)nc2c(=O)[nH]1",0,,
"CCCOc1nn(C(=O)[N-]S(=O)(=O)c2ccccc2C(=O)OC)c(=O)n1C",0,,
"CCCOc1sc(C(=O)N2CCC(c3cc(CN)ccc3F)CC2)c(C)c1Br",0,,
"CCCSC(=O)N(CCC)CCC",0,,
"CCCSP(=O)(OCC)Oc1ccc(Br)cc1Cl",0,,
"CCCSP(=O)(OCC)SCCC",0,,
"CCC[C@@H](C(=O)N1CCCC[C@H]1C(=O)OC(CCc1ccc(OC)c(OC)c1)c1cccc(OCC(=O)O)c1)c1cc(OC)c(OC)c(OC)c1",1,43.0,"IC50"
"CCC[C@H](C(=O)N1CCCC[C@H]1C(=O)OC(CCc1ccc(OC)c(OC)c1)c1cccc(OCC(=O)O)c1)c1cc(OC)c(OC)c(OC)c1",1,3.8,"IC50"
"CCCc1cc(=O)[nH]c(=S)[nH]1",0,,
"CCCc1ccccc1",0,,
"CCN(C(=O)c1cc(C)cc(OC[C@H](C)Nc2ccncc2)c1)C(C)C",0,,
"CCN(CC)C(=O)C(C)Oc1cccc2ccccc12",0,,
"CCN(CC)C(=O)SCc1ccc(Cl)cc1",0,,
"CCN(CC)C(=O)c1cc(S(=O)(=O)Cc2ccccc2)c(N2CCC(c3ccccc3)CC2)cc1N(CC)CCN(C)C",0,,
"CCN(CC)C(=O)c1cccc(C)c1",0,,
"CCN(CC)C(=S)SSC(=S)N(CC)CC",0,,
"CCN(CC)CCO",0,,
"CCN(CC)N=O",0,,
"CCN(CC)c1ccc(C(=O)C(=O)N2C3CCCC2C2c4c(cc(OC)cc4OC)CCN2C3=O)cc1",1,1000.0,"Ki"
"CCN(CC)c1ccccc1",0,,
"CCN(Cc1c(F)cccc1Cl)c1c([N+](=O)[O-])cc(C(F)(F)F)cc1[N+](=O)[O-]",0,,
"CCN(Cc1cccc(S(=O)(=O)[O-])c1)c1ccc(C(=C2C=CC(=[N+](CC)Cc3cccc(S(=O)(=O)[O-])c3)C=C2)c2ccccc2S(=O)(=O)[O-])cc1",0,,
"CCN(Cc1cccnc1)C(=O)c1cccc(Cl)c1[C@]1(C)C(=O)N(Cc2ccc(OC)cc2OC)c2ccc(Cl)cc21",0,,
"CCN1CCC2(CC1)COc1cc3c(cc12)N(C(=O)c1ccc(-c2ccc(-c4nnc(C)o4)cc2C)cc1)CC3",0,,
"CCNC(=O)NC(=O)/C(C#N)=N/OC",0,,
"CCNP(=S)(OC)O/C(C)=C/C(=O)OC(C)C",0,,
"CCNS(=O)(=O)C(F)(F)C(F)(F)C(F)(F)C(F)(F)C(F)(F)C(F)(F)C(F)(F)C(F)(F)F",0,,
"CCNc1ccccc1",0,,
"CCNc1nc(Cl)nc(NC(C)(C)C#N)n1",0,,
"CCNc1nc(Cl)nc(NC(C)(C)C)n1",0,,
"CCNc1nc(Cl)nc(NC(C)C)n1",0,,
"CCNc1nc(Cl)nc(NCC)n1",0,,
"CCNc1nc(NC(C)C)nc(SC)n1",0,,
"CCOC(=O)C(C)(C)Oc1ccc(Cl)cc1",0,,
"CCOC(=O)C(C)Oc1ccc(Oc2nc3ccc(Cl)cc3o2)cc1",0,,
"CCOC(=O)C(Cl)Cc1cc(-n2nc(C)n(C(F)F)c2=O)c(F)cc1Cl",0,,
"CCOC(=O)C(O)(c1ccc(Cl)cc1)c1ccc(Cl)cc1",0,,
"CCOC(=O)C1CCCCN1C(=O)C(=O)C(C)(C)CC",1,1300.0,"Ki"
"CCOC(=O)C1CCCCN1S(=O)(=O)Cc1ccccc1",1,2600.0,"IC50"
"CCOC(=O)C1CCCCN1S(=O)(=O)c1cccc([N+](=O)[O-])c1",1,2800.0,"IC50"
"CCOC(=O)C1CCCCN1S(=O)(=O)c1ccccc1",1,3100.0,"IC50"
"CCOC(=O)CC(O)(CC(=O)OCC)C(=O)OCC",0,,
"CCOC(=O)CC(SP(=S)(OC)OC)C(=O)OCC",0,,
"CCOC(=O)CCCN1C(=O)CC(C[C@@H](O)[C@@H]2C[C@@H](C)C[C@H](C)C2=O)CC1=O",0,22300.0,"IC50"
"CCOC(=O)CN1C(=O)CC(C[C@@H](O)[C@@H]2C[C@@H](C)C[C@H](C)C2=O)CC1=O",1,4400.0,"IC50"
"CCOC(=O)COc1cc(-c2nn(C)c(OC(F)F)c2Cl)c(F)cc1Cl",0,,
"CCOC(=O)COc1cc(-n2ncc(C(F)(F)F)c(C)c2=O)c(F)cc1Cl",0,,
"CCOC(=O)COc1ccc2c(c1)CC(NCC(O)c1cccc(Cl)c1)CC2",0,,
"CCOC(=O)NCCOc1ccc(Oc2ccccc2)cc1",0,,
"CCOC(=O)O[C@H](C)OC(=O)c1ccc2c(c1)cc(C(=O)NC1CCN(C(C)C)CC1)n2Cc1cc(-c2ccc(Cl)s2)on1",0,,
"CCOC(=O)[C@H](C)Oc1ccc(Oc2nc3ccc(Cl)cc3o2)cc1",0,,
"CCOC(=O)[C@]1(c2ccccc2)Oc2ccccc2[C@@H]1N",0,,
"CCOC(=O)c1ccc(O)cc1",0,,
"CCOC(=O)c1ccc([C@H]2CC[C@H](NC[C@H](O)COc3ccc(O)c(NS(C)(=O)=O)c3)CC2)cc1",0,,
"CCOC(N)=O",0,,
"CCOC1Oc2ccc(OS(C)(=O)=O)cc2C1(C)C",0,,
"CCOCCO",0,,
"CCOCCOC(C)=O",0,,
"CCOCCOCCO",0,,
"CCOCCOCCOCCO",0,,
"CCON=C(CC)C1=C(O)CC(c2c(C)cc(C)cc2C)CC1=O",0,,
"CCOP(=O)(OCC)Oc1cc(C)nc(C(C)C)n1",0,,
"CCOP(=O)(OCC)Oc1nc(Cl)c(Cl)cc1Cl",0,,
"CCOP(=S)(OCC)OC(Cl)C(Cl)(Cl)Cl",0,,
"CCOP(=S)(OCC)Oc1ccc([N+](=O)[O-])cc1",0,,
"CCOP(=S)(OCC)Oc1ccc2c(C)c(Cl)c(=O)oc2c1",0,,
"CCOP(=S)(OCC)Oc1nc(Cl)c(Cl)cc1Cl",0,,
"CCOP(=S)(OCC)SCCSCC",0,,
"CCOP(=S)(OCC)SCSCC",0,,
"CCOP(=S)(OCC)SCSP(=S)(OCC)OCC",0,,
"CCOP(=S)(OCC)SCn1c(=O)oc2cc(Cl)ccc21",0,,
"CCOP(=S)(Oc1ccc([N+](=O)[O-])cc1)c1ccccc1",0,,
"CCOP(=S)(Oc1cnc(C(C)(C)C)nc1)OC(C)C",0,,
"CCOS(=O)(=O)OCC",0,,
"CCOc1ccc(C(C)(C)COCc2cccc(Oc3ccccc3)c2)cc1",0,,
"CCOc1ccc(OCC(=O)N2CCOCC2)cc1",0,576000.0,"Kd"
"CCOc1ccc2[nH]cc(C(=O)NCc3ccccc3)c(=O)c2n1",0,,
"CCOc1cccc(-n2cc(C(=O)N3CCN(c4cc(C(=O)[O-])c5ccccc5c4)CC3)nc2-c2ccc(C)cc2)c1",0,,
"CCOc1nc(F)cc2nc(S(=O)(=O)Nc3c(Cl)cccc3Cl)nn12",0,,
"CCSC(=O)N(CC(C)C)CC(C)C",0,,
"CCSC(=O)N(CC)C1CCCCC1",0,,
"CC[C@@H](C(=O)N1CCCC[C@H]1C(=O)OC(CCc1ccc(OC)c(OC)c1)c1cccc(OCC(=O)O)c1)c1cc(OC)c(OC)c(OC)c1",1,187.0,"IC50"
"CC[C@@H](C(=O)N1CCCC[C@H]1C(=O)OC(CCc1ccc(OC)c(OC)c1)c1cccc(OCC(=O)O)c1)c1ccccc1",1,133.0,"IC50"
"CC[C@@H](NC(=O)[C@@H]1CCCCN1C(=O)[C@H](c1cc(OC)c(OC)c(OC)c1)C1CCCCC1)C(N)=O",1,6000.0,"Ki"
"CC[C@@H]1CCCC[C@@]1(O)C(=O)C(=O)N1CCCC[C@H]1C(=O)OCCOc1ccc(OC)c(OC)c1",1,2780.0,"IC50"
"CC[C@@H]1CCCC[C@@]1(O)C(=O)C(=O)N1CCCC[C@H]1C(=O)O[C@H](CCc1ccc(OC)c(OC)c1)c1cccc(OCC(=O)O)c1",1,225.0,"IC50, IC50"
"CC[C@@H]1C[C@H](N(Cc2cc(C(F)(F)F)cc(C(F)(F)F)c2)C(C)=O)c2cc(C(F)(F)F)ccc2N1C(=O)OC(C)C",0,,
"CC[C@H](C(=O)N1CCCC[C@H]1C(=O)O[C@H](CCc1ccc(OC)c(OC)c1)c1cccc(OCC(=O)O)c1)c1cc(OC)c(OC)c(OC)c1",1,4.999999999999999,"IC50, IC50, IC50, IC50"
"CC[C@H](C(=O)N1CCCC[C@H]1C(=O)O[C@H](CCc1ccc(OC)c(OC)c1)c1cccc(OCC(=O)O)c1)c1ccccc1",1,40.0,"IC50, IC50, IC50"
"CC[C@H](C(=O)N1CCCC[C@H]1C(=O)O[C@H](CCc1ccccc1)c1cccc(OCC(=O)O)c1)c1cc(OC)c(OC)c(OC)c1",1,5.5,"IC50"
"CC[C@H](C)[C@@H](C(=O)O)n1sc2ccccc2c1=O",0,,
"CC[C@H](C)[C@H](NC(=O)[C@@H]1CCCCN1C(=O)[C@H](c1cc(OC)c(OC)c(OC)c1)C1CCCCC1)C(N)=O",0,12100.0,"Ki"
"CC[C@H](NC(=O)[C@@H]1CCCCN1C(=O)[C@H](c1cc(OC)c(OC)c(OC)c1)C1CCCCC1)C(N)=O",0,51900.0,"Ki"
"CC[C@H](NC(=O)c1cc(F)ccc1[N-]S(=O)(=O)c1cccc2cccnc12)c1ccccc1",0,,
"CC[C@H]1CCCC[C@]1(O)C(=O)C(=O)N1CCCC[C@H]1C(=O)O[C@H](CCc1ccc(OC)c(OC)c1)c1cccc(OCC(=O)O)c1",1,343.0,"IC50"
"CC[C@H]1CC[C@H](NCc2cc3c(cc2OC)[C@H]2C[C@H]2C(=O)N3C)[C@H](c2ccccc2)N1",0,,
"CCc1c(C(=O)NN2CCCCC2)nn(-c2ccc(Cl)cc2Cl)c1-c1ccc(Br)cc1",0,,
"CCc1cc(C2=C(C(=O)[O-])N(c3ccccc3C(F)(F)F)S(=O)(=O)c3ccccc32)cc2c1OCO2",0,,
"CCc1ccc(C(=O)C(=O)N2C3CCCC2C2c4c(cc(OC)cc4OC)CCN2C3=O)cc1",1,123.0,"Ki"
"CCc1ccc(CCOc2ccc(CC3SC(=O)NC3=O)cc2)nc1",0,,
"CCc1ccc(O)c(C(C)(C)C)c1",0,,
"CCc1ccc(OCC(=O)N2CCOCC2)cc1",0,123000.0,"Kd"
"CCc1ccc(S(=O)(=O)N2C3CCCC2C2c4c(cc(OC)cc4OC)CCN2C3=O)cc1",1,266.0,"Ki"
"CCc1ccc(S(=O)(=O)N2CCCCC2C(=O)NCCc2ccccc2)cc1",1,1600.0,"Ki"
"CCc1ccc(S(=O)(=O)N2CCCCC2C(=O)NCc2ccccc2)cc1",1,1300.0,"Ki"
"CCc1cccc(C)c1N(C(=O)CCl)C(C)COC",0,,
"CCc1cccc(CC)c1N",0,,
"CCc1nc(N)nc(N)c1-c1ccc(Cl)cc1",0,,
"CCc1nn(C)c(C(=O)NCc2ccc(C(C)(C)C)cc2)c1Cl",0,,
"CCc1nn(C2CCCCC2)c2cc([C@]3(C#N)CC[C@@H](C(=O)O)CC3)ccc12",0,,
"CCn1nc(C)c2c1C(=O)NCC(c1ccc(O)cc1)=N2",0,,
"CCn1nc(Cc2ccccc2)cc1C1CCN(C[C@H]2C[C@H](N(C)[C@@H](C(=O)O)C(C)C)C[C@@H]2c2cccc(F)c2)CC1",0,,
"CN(C(=O)Cc1cccc2occc12)[C@H]1CC[C@@]2(CCCO2)C[C@@H]1N1CCCC1",0,,
"CN(C)C(=O)Cl",0,,
"CN(C)C(=O)NC1(c2ccccc2)CCN(CCC[C@@]2(c3ccc(Cl)c(Cl)c3)CCCN(C(=O)c3ccccc3)C2)CC1",0,,
"CN(C)C(=O)NC1(c2ccccc2)CCN(CC[C@@]2(c3ccc(F)c(F)c3)CN(C(=O)c3ccccc3)CCO2)CC1",0,,
"CN(C)C(=O)Nc1ccc(Cl)cc1",0,,
"CN(C)C(=O)Nc1cccc(C(F)(F)F)c1",0,,
"CN(C)C(=S)[S-].CN(C)C(=S)[S-].[Zn+2]",0,,
"CN(C)C=O",0,,
"CN(C)CCCN(C)CCCN(C)C",0,,
"CN(C)CCCN1c2ccccc2Sc2ccc(Cl)cc21",0,,
"CN(C)CCOC(c1ccccc1)c1ccccc1",0,,
"CN(C)[C@@H]1C(O)=C(C(N)=O)C(=O)[C@@]2(O)C(O)=C3C(=O)c4c(O)cccc4[C@@](C)(O)[C@H]3C[C@@H]12",0,,
"CN(C)[C@@H]1C(O)=C(C(N)=O)C(=O)[C@@]2(O)C(O)=C3C(=O)c4c(O)cccc4[C@@](C)(O)[C@H]3[C@H](O)[C@@H]12",0,,
"CN(C)c1ccc(C(=C2C=CC(=[N+](C)C)C=C2)c2ccc(N(C)C)cc2)cc1",0,,
"CN(C)c1ccccc1",0,,
"CN(C)c1nc(=O)n(C2CCCCC2)c(=O)n1C",0,,
"CN(C[C@@H](CC[N+]12CCC(C3CCCCC3)(CC1)CC2)c1ccc(Cl)c(Cl)c1)C(=O)c1cc(C(F)(F)F)cc(C(F)(F)F)c1",0,,
"CN(Cc1cnc2nc(N)nc(N)c2n1)c1ccc(C(=O)N[C@@H](CCC(=O)O)C(=O)O)cc1",0,,
"CN/C(=N\[N+](=O)[O-])NCc1cnc(Cl)s1",0,,
"CN1C(=O)CC[C@H]1c1cccnc1",0,,
"CN1CCC[C@H]1c1cccnc1",0,,
"CN1COCN(Cc2cnc(Cl)s2)C1=N[N+](=O)[O-]",0,,
"CN1CSC(=S)N(C)C1",0,,
"CN=C=S",0,,
"CNC(=O)CSP(=S)(OC)OC",0,,
"CNC(=O)N(C)c1nnc(C(C)(C)C)s1",0,,
"CNC(=O)ON=C(C)SC",0,,
"CNC(=O)ON=C(SC)C(=O)N(C)C",0,,
"CNC(=O)ON=CC(C)(C)SC",0,,
"CNC(=O)Oc1cccc2c1OC(C)(C)C2",0,,
"CNC(=O)Oc1cccc2c1OC(C)(C)O2",0,,
"CNC(=O)Oc1ccccc1OC(C)C",0,,
"CNC(=O)[C@H]1O[C@@H](n2cnc3c(NCc4cc(Cl)ccc4OCc4cc(C)no4)ncnc32)[C@H](O)[C@@H]1N",0,,
"CNC(C)=O",0,,
"CNCc1cc(F)ccc1Oc1ccc(Cl)c(Cl)c1",0,,
"CNCc1ccc(NC(=O)c2c[nH]c3c2C(=O)CCC3)cc1",0,,
"CNS(=O)(=O)c1cc(C(=O)N2CCC(CCN3C4CCC3CC(n3c(C)nc5ccccc53)C4)(c3cccc(F)c3)CC2)c(Cl)cc1F",0,,
"CN[C@H]1CC[C@@H](c2ccc(Cl)c(Cl)c2)c2ccc(S(N)(=O)=O)cc21",0,,
"CO/C=C(/C(=O)OC)c1ccccc1COc1cccc(C(F)(F)F)n1",0,,
"CO/C=C(/C(=O)OC)c1ccccc1Oc1cc(Oc2ccccc2C#N)ncn1",0,,
"CO/N=C(/C1=NOCCO1)c1ccccc1Oc1ncnc(Oc2ccccc2Cl)c1F",0,,
"COC(=O)C(=O)N1CCCCC1C(=O)OCCCC1CCCC1",0,35000.0,"Ki"
"COC(=O)C(=O)N1CCCCC1C(=O)OCCCC1CCCCC1",0,20000.0,"Ki"
"COC(=O)C(=O)N1CCCCC1C(=O)OCCCCC1CCCCC1",1,6000.0,"Ki"
"COC(=O)C(=O)N1CCCCC1C(=O)OCc1ccccc1",1,8000.0,"Ki"
"COC(=O)C(C)Oc1ccc(Oc2ccc(Cl)cc2Cl)cc1",0,,
"COC(=O)C1COCCN1C(=O)C(F)(F)Sc1ccc(C(C)C)cc1",0,190000.0,"Kd"
"COC(=O)C1COCCN1C(=O)CS(=O)(=O)c1ccc(C(C)C)cc1",0,505000.0,"Kd"
"COC(=O)CC(=O)OC",0,,
"COC(=O)CCC(=O)OC",0,,
"COC(=O)CCCCC(=O)OC",0,,
"COC(=O)CSc1cc(/N=c2\sc(=O)n3n2CCCC3)c(F)cc1Cl",0,,
"COC(=O)N(OC)c1ccccc1COc1ccn(-c2ccc(Cl)cc2)n1",0,,
"COC(=O)NS(=O)(=O)c1ccc(N)cc1",0,,
"COC(=O)Nc1nc2ccccc2[nH]1",0,,
"COC(=O)[C@@H]1CCCCN1C(=O)C(=O)c1cc(OC)c(OC)c(OC)c1",1,3000.0,"Kd"
"COC(=O)[C@H]1[C@H]2C[C@@H]3c4[nH]c5cc(OC)ccc5c4CCN3C[C@H]2C[C@@H](OC(=O)c2cc(OC)c(OC)c(OC)c2)[C@@H]1OC",0,,
"COC(=O)c1c(Cl)c(Cl)c(C(=O)OC)c(Cl)c1Cl",0,,
"COC(=O)c1c(Cl)nn(C)c1S(=O)(=O)NC(=O)Nc1nc(OC)cc(OC)n1",0,,
"COC(=O)c1cc(C(=O)OC)cc(S(=O)(=O)N2CCCC[C@H]2C(=O)O[C@H](CCc2ccc(OC)c(OC)c2)c2cccc(OCC(=O)O)c2)c1",1,4500.0,"IC50"
"COC(=O)c1ccc(I)cc1S(=O)(=O)[N-]C(=O)Nc1nc(C)nc(OC)n1",0,,
"COC(=O)c1ccccc1C(=O)O",0,,
"COC(=O)c1ccccc1C(=O)OC",0,,
"COC(=O)c1ccccc1N",0,,
"COC(=O)c1ccccc1O",0,,
"COC(=O)c1ccccc1S(=O)(=O)NC(=O)Nc1nc(C)nc(OC)n1",0,,
"COC(=O)c1ccccc1S(=O)(=O)NC(=O)Nc1nc(OC(F)F)cc(OC(F)F)n1",0,,
"COC(C)[C@@H]1CC[C@@H](C)[C@](O)(C(=O)C(=O)N2CCCC[C@H]2C(=O)OCc2ccccc2)C1",1,81.0,"Ki"
"COC(C=C(C)C)[C@@H]1CC[C@@H](C)[C@](O)(C(=O)C(=O)N2CCCC[C@H]2C(=O)OCc2ccccc2)C1",1,68.0,"Ki"
"COC(CC(C)C)[C@@H]1CC[C@@H](C)[C@](O)(C(=O)C(=O)N2CCCC[C@H]2C(=O)OCc2ccccc2)C1",1,2.8,"Ki"
"COC(O)C=C(C)O[PH](O)(OC)OC",0,,
"COCC(=O)N(c1c(C)cccc1C)C(C)C(=O)OC",0,,
"COCC(C)N(C(=O)CCl)c1c(C)csc1C",0,,
"COCCO",0,,
"COCCOCCO",0,,
"COCCOCCOC",0,,
"COCCOCCOCCOC",0,,
"COC[C@@H]1CC[C@@H](C)[C@](O)(C(=O)C(=O)N2CCCC[C@H]2C(=O)OCc2ccccc2)C1",1,258.0,"Ki"
"COC[C@H]1O[C@@](O)(C(=O)C(=O)N2CCCC[C@H]2C(=O)OC/C(C)=C/[C@@H]2CC[C@@H](O)[C@H](OC)C2)[C@H](C)C[C@@H]1OC",1,10.0,"Kd"
"CON(C)C(=O)Nc1ccc(Cl)c(Cl)c1",0,,
"CON=C(C(=O)OC)c1ccccc1CON=C(C)c1cccc(C(F)(F)F)c1",0,,
"COP(=O)(OC)O/C(C)=C/C(=O)N(C)C",0,,
"COP(=O)(OC)OC(Br)C(Cl)(Cl)Br",0,,
"COP(=O)(OC)OC=C(Cl)Cl",0,,
"COP(=O)(OC)SCn1c(=O)oc2cc(Cl)cnc21",0,,
"COP(=S)(OC)Oc1ccc([N+](=O)[O-])c(C)c1",0,,
"COP(=S)(OC)Oc1ccc([N+](=O)[O-])cc1",0,,
"COP(=S)(OC)SCN1C(=O)c2ccccc2C1=O",0,,
"COP(=S)(OC)SCn1nnc2ccccc2c1=O",0,,
"COS(=O)(=O)[O-].Cn1c(-c2ccccc2)cc(-c2ccccc2)[n+]1C",0,,
"CO[C@@H]1COCC[C@@H]1[NH2+][C@@H]1CC[C@@](C(=O)N2CCc3ncc(C(F)(F)F)cc3C2)(C(C)C)C1.O=C([O-])CCC(=O)O",0,,
"COc1c(Cl)ccc(Cl)c1C(=O)O",0,,
"COc1cc(-c2ccc(N)c(OC)c2)ccc1N",0,,
"COc1cc(-c2nc(NC(=O)c3cc4cc(C)cc(C)c4n3CC(=O)O)sc2CCC2CCCCC2)c(OC)cc1Cl",0,,
"COc1cc(C(=O)C(=O)N2C3CCCC2C2c4c(F)cccc4CCN2C3=O)cc(OC)c1OC",1,201.0,"Ki"
"COc1cc(C(=O)C(=O)N2C3CCCC2C2c4cc(C)ccc4CCN2C3=O)cc(OC)c1OC",1,85.0,"Ki"
"COc1cc(C(=O)C(=O)N2C3CCCC2C2c4cc(Cl)ccc4CCN2C3=O)cc(OC)c1OC",1,126.0,"Ki"
"COc1cc(C(=O)C(=O)N2C3CCCC2C2c4cc(F)ccc4CCN2C3=O)cc(OC)c1OC",1,225.0,"Ki"
"COc1cc(C(=O)C(=O)N2C3CCCC2C2c4ccc(Cl)cc4CCN2C3=O)cc(OC)c1OC",1,171.0,"Ki"
"COc1cc(C(=O)C(=O)N2C3CCCC2C2c4cccc(Cl)c4CCN2C3=O)cc(OC)c1OC",1,152.0,"Ki"
"COc1cc(C(=O)C(=O)N2C3CCCC2C2c4ccccc4CCN2C3=O)cc(OC)c1OC",1,217.0,"Ki"
"COc1cc(C(=O)C(=O)N2CCCCC2C(=O)OC(CCCc2ccccc2)CCCc2ccccc2)cc(OC)c1OC",1,1.0,"Ki"
"COc1cc(C(=O)C(=O)N2CCCCC2C(=O)OCCCCC2CCCCC2)cc(OC)c1OC",1,40.0,"Ki"
"COc1cc(C(=O)C(=O)N2CCCCC2C(=O)OCCCc2c[nH]c3ccccc23)cc(OC)c1OC",1,17.0,"Ki"
"COc1cc(C(=O)C(=O)N2CCCCC2C(=O)OCc2cccc(Oc3ccccc3)c2)cc(OC)c1OC",1,18.0,"Ki"
"COc1cc(C(=O)C(=O)N2CCCC[C@H]2C(=O)OCCCC/N=C(S)/N=C2\C=CC(=C3c4ccc(O)cc4Oc4cc(O)ccc43)C(C(=O)O)=C2)cc(OC)c1OC",1,468.0,"Ki, IC50"
"COc1cc(C(=O)C(=O)N2[C@H]3CCC[C@@H]2C(=O)OCC(COCc2ccccc2)COC3=O)cc(OC)c1OC",1,1200.0,"Ki"
"COc1cc(C(=O)C(=O)N2[C@H]3CCC[C@@H]2C(=O)OCC(CO[Si](C)(C)C(C)(C)C)COC3=O)cc(OC)c1OC",1,1500.0,"Ki"
"COc1cc(C(C)C)c2c(c1)S(=O)(=O)N(COc1cc(=O)n3cccc(OCCN4CCCCC4)c3n1)C2=O",0,,
"COc1cc(C=O)ccc1O",0,,
"COc1cc(CCCOC(=O)C2CCCCN2S(=O)(=O)Cc2ccccc2)cc(OC)c1",1,120.0,"Ki"
"COc1cc(CCCOC(=O)C2CCCCN2S(=O)(=O)Cc2ccccc2)cc(OC)c1OC",1,200.0,"IC50"
"COc1cc(CCCOC(=O)C2CCCCN2S(=O)(=O)c2ccc(C)cc2)cc(OC)c1",1,400.0,"Ki"
"COc1cc(CCCOC(=O)C2CCCCN2S(=O)(=O)c2cccc(N)c2)cc(OC)c1OC",1,260.0,"IC50"
"COc1cc(CCCOC(=O)C2CCCCN2S(=O)(=O)c2ccccc2)cc(OC)c1",1,480.0,"Ki"
"COc1cc(CCCOC(=O)C2CCCCN2S(=O)(=O)c2ccccc2)cc(OC)c1OC",1,120.0,"IC50"
"COc1cc(CCCOC(=O)[C@@H]2CCCCN2C(=O)NCC(C)(C)C)cc(OC)c1OC",1,390.0,"Ki"
"COc1cc(CCCOC(=O)[C@@H]2CCCCN2S(=O)(=O)Cc2ccccc2)cc(OC)c1OC",1,215.0,"Ki, IC50"
"COc1cc(Cl)c(OC)cc1Cl",0,,
"COc1cc(OC)cc(N2C=C3C4CCCC(C(=O)N3CC2=O)N4C(=O)C(=O)c2cc(OC)c(OC)c(OC)c2)c1",1,54.0,"Ki"
"COc1cc(OC)nc(NC(=O)[N-]S(=O)(=O)c2ncccc2OCC(F)(F)F)n1",0,,
"COc1cc(OC)nc(Sc2cccc(Cl)c2C(=O)[O-])n1",0,,
"COc1cc(S(=O)(=O)[O-])c(C)cc1/N=N/c1c(O)ccc2cc(S(=O)(=O)[O-])ccc12",0,,
"COc1cc([C@@H](C(=O)N2CCCC[C@H]2C(=O)NC(C)(C)C(N)=O)C2CCCCC2)cc(OC)c1OC",0,25100.0,"Ki"
"COc1cc([C@@H](C(=O)N2CCCC[C@H]2C(=O)NC2(C(N)=O)CCC2)C2CCCCC2)cc(OC)c1OC",0,23400.0,"Ki"
"COc1cc([C@@H](C(=O)N2CCCC[C@H]2C(=O)NC2(C(N)=O)CCCC2)C2CCCCC2)cc(OC)c1OC",1,3800.0,"Ki"
"COc1cc([C@@H](C(=O)N2CCCC[C@H]2C(=O)NC2(C(N)=O)CCCCC2)C2CCCCC2)cc(OC)c1OC",1,4300.0,"Ki"
"COc1cc([C@@H](C(=O)N2CCCC[C@H]2C(=O)NC2(C(N)=O)CCOCC2)C2CCCCC2)cc(OC)c1OC",1,3000.0,"Ki"
"COc1cc([C@@H](C(=O)N2CCCC[C@H]2C(=O)NCCC(N)=O)C2CCCCC2)cc(OC)c1OC",0,49200.0,"Ki"
"COc1cc([C@@H](C(=O)N2CCCC[C@H]2C(=O)N[C@@H](C(N)=O)C(C)C)C2CCCCC2)cc(OC)c1OC",0,39700.0,"Ki"
"COc1cc([C@@H](C(=O)N2CCCC[C@H]2C(=O)N[C@@H](C(N)=O)c2ccccc2)C2CCCCC2)cc(OC)c1OC",0,12400.0,"Ki"
"COc1cc([C@@H](C(=O)N2CCCC[C@H]2C(=O)N[C@@H](CC(C)C)C(N)=O)C2CCCCC2)cc(OC)c1OC",1,6600.0,"Ki"
"COc1cc([C@@H](C(=O)N2CCCC[C@H]2C(=O)N[C@@H](CC2CCCCC2)C(N)=O)C2CCCCC2)cc(OC)c1OC",1,6600.0,"Ki"
"COc1cc([C@@H](C(=O)N2CCCC[C@H]2C(=O)N[C@@H](CCC2CCCCC2)C(N)=O)C2CCCCC2)cc(OC)c1OC",0,22500.0,"Ki"
"COc1cc([C@@H](C(=O)N2CCCC[C@H]2C(=O)N[C@@H](CCO)C(N)=O)C2CCCCC2)cc(OC)c1OC",0,317000.0,"Ki"
"COc1cc([C@@H](C(=O)N2CCCC[C@H]2C(=O)N[C@@H](CCc2ccccc2)C(N)=O)C2CCCCC2)cc(OC)c1OC",0,30100.0,"Ki"
"COc1cc([C@@H](C(=O)N2CCCC[C@H]2C(=O)N[C@@H](Cc2ccccc2)C(N)=O)C2CCCCC2)cc(OC)c1OC",0,10900.0,"Ki"
"COc1cc([C@@H](C(=O)N2CCCC[C@H]2C(=O)N[C@H](C(N)=O)C(C)C)C2CCCCC2)cc(OC)c1OC",0,11500.0,"Ki"
"COc1cc([C@@H](C(=O)N2CCCC[C@H]2C(=O)N[C@H](C(N)=O)C2CCCCC2)C2CCCCC2)cc(OC)c1OC",0,12800.0,"Ki"
"COc1cc([C@@H](C(=O)N2CCCC[C@H]2C(=O)N[C@H](C(N)=O)c2ccccc2)C2CCCCC2)cc(OC)c1OC",1,7500.0,"Ki"
"COc1cc([C@@H](C(=O)N2CCCC[C@H]2C(=O)N[C@H](C)C(N)=O)C2CCCCC2)cc(OC)c1OC",0,71100.0,"Ki"
"COc1cc([C@@H](C(=O)N2CCCC[C@H]2C(=O)N[C@H](CCO)C(N)=O)C2CCCCC2)cc(OC)c1OC",1,1200.0,"Ki"
"COc1cc([C@@H](C(=O)N2CCCC[C@H]2C(=O)N[C@H](CO)C(N)=O)C2CCCCC2)cc(OC)c1OC",0,46900.0,"Ki"
"COc1cc([C@@H](C(=O)N2CCCC[C@H]2C(=O)N[C@H](Cc2ccccc2)C(N)=O)C2CCCCC2)cc(OC)c1OC",1,5600.0,"Ki"
"COc1cc([C@@H](C(=O)N2CCCC[C@H]2C(=O)N[C@H](Cc2cnc[nH]2)C(N)=O)C2CCCCC2)cc(OC)c1OC",0,26900.0,"Ki"
"COc1cc2c(c(OC)c1)C1C3CCCC(C(=O)N1CC2)N3C(=O)C(=O)c1cc(C(C)(C)C)c(O)c(C(C)(C)C)c1",0,20800.0,"Ki"
"COc1cc2c(c(OC)c1)C1C3CCCC(C(=O)N1CC2)N3C(=O)C(=O)c1cc(Cl)ccc1Cl",1,153.0,"Ki"
"COc1cc2c(c(OC)c1)C1C3CCCC(C(=O)N1CC2)N3C(=O)C(=O)c1cc(OC)c(OC)c(OC)c1",1,69.0,"Ki"
"COc1cc2c(c(OC)c1)C1C3CCCC(C(=O)N1CC2)N3C(=O)C(=O)c1cc2ccccc2[nH]1",1,2300.0,"Ki"
"COc1cc2c(c(OC)c1)C1C3CCCC(C(=O)N1CC2)N3C(=O)C(=O)c1ccc(Br)cc1",1,71.0,"Ki"
"COc1cc2c(c(OC)c1)C1C3CCCC(C(=O)N1CC2)N3C(=O)C(=O)c1ccc(Cl)cc1",1,72.0,"Ki"
"COc1cc2c(c(OC)c1)C1C3CCCC(C(=O)N1CC2)N3C(=O)C(=O)c1ccc(Cl)cc1Cl",1,586.0,"Ki"
"COc1cc2c(c(OC)c1)C1C3CCCC(C(=O)N1CC2)N3C(=O)C(=O)c1ccc(F)cc1",1,110.0,"Ki"
"COc1cc2c(c(OC)c1)C1C3CCCC(C(=O)N1CC2)N3C(=O)C(=O)c1ccc(OC)c(OC)c1",1,60.0,"Ki"
"COc1cc2c(c(OC)c1)C1C3CCCC(C(=O)N1CC2)N3C(=O)C(=O)c1cccc(Cl)c1",1,46.0,"Ki"
"COc1cc2c(c(OC)c1)C1C3CCCC(C(=O)N1CC2)N3C(=O)C(=O)c1cccc(Cl)c1Cl",1,282.0,"Ki"
"COc1cc2c(c(OC)c1)C1C3CCCC(C(=O)N1CC2)N3C(=O)C(=O)c1ccccc1Cl",1,583.0,"Ki"
"COc1cc2c(c(OC)c1)C1C3CCCC(C(=O)N1CC2)N3C(=O)C(=O)c1cccnc1",1,110.0,"Ki"
"COc1cc2c(c(OC)c1)C1C3CCCC(C(=O)N1CC2)N3C(=O)C(=O)c1ccco1",1,279.0,"Ki"
"COc1cc2c(c(OC)c1)C1C3CCCC(C(=O)N1CC2)N3C(=O)C(=O)c1ccncc1",1,114.0,"Ki"
"COc1cc2c(c(OC)c1)C1C3CCCC(C(=O)N1CC2)N3C(=O)Cc1ccc(Cl)cc1",1,3100.0,"Ki"
"COc1cc2c(c(OC)c1)C1C3CCCC(C(=O)N1CC2)N3C(=O)N(c1ccc(F)cc1F)c1ccc(F)cc1F",1,7000.0,"Ki"
"COc1cc2c(c(OC)c1)C1C3CCCC(C(=O)N1CC2)N3C(=O)N(c1ccc([N+](=O)[O-])cc1)c1ccc([N+](=O)[O-])cc1",1,772.0,"Ki"
"COc1cc2c(c(OC)c1)C1C3CCCC(C(=O)N1CC2)N3C(=O)N(c1ccccc1)c1ccccc1",1,2700.0,"Ki"
"COc1cc2c(c(OC)c1)C1C3CCCC(C(=O)N1CC2)N3C(=O)N(c1ccccc1C)c1ccccc1C",1,330.0,"Ki"
"COc1cc2c(c(OC)c1)C1C3CCCC(C(=O)N1CC2)N3C(=O)N(c1ccccc1OC)c1ccccc1OC",1,357.0,"Ki"
"COc1cc2c(c(OC)c1)C1C3CCCC(C(=O)N1CC2)N3S(=O)(=O)c1ccc(-c2ccc(Cl)c(Cl)c2)cc1",1,156.0,"Ki"
"COc1cc2c(c(OC)c1)C1C3CCCC(C(=O)N1CC2)N3S(=O)(=O)c1ccc(-c2ccccc2)cc1",1,88.0,"Ki"
"COc1cc2c(c(OC)c1)C1C3CCCC(C(=O)N1CC2)N3S(=O)(=O)c1ccc(Br)cc1",1,92.0,"Ki"
"COc1cc2c(c(OC)c1)C1C3CCCC(C(=O)N1CC2)N3S(=O)(=O)c1ccc(Nc2cc(OC)c(OC)c(OC)c2)cc1",1,288.0,"Ki"
"COc1cc2c(c(OC)c1)C1C3CCCC(C(=O)N1CC2)N3S(=O)(=O)c1ccccc1",1,244.0,"Ki"
"COc1cc2c(c(OC)c1)[C@]1(C)C3CCC[C@@H](C(=O)N1CC2)N3C(=O)C(=O)[C@]1(C)CCCC[C@H]1C",1,2800.0,"Ki"
"COc1cc2c(c(OC)c1)[C@]1(C)C3CCC[C@@H](C(=O)N1CC2)N3C(=O)C(=O)c1cc(OC)c(OC)c(OC)c1",1,500.0,"Ki"
"COc1cc2c(c(OC)c1)[C@]1(C)C3CCC[C@@H](C(=O)N1CC2)N3S(=O)(=O)c1cc(Cl)c(O)c(Cl)c1",1,2100.0,"Ki"
"COc1cc2c(c(OC)c1OC)-c1ccc(OC)c(=O)cc1[C@@H](NC(C)=O)CC2",0,,
"COc1ccc(C(=O)C(=O)N2C3CCCC2C2c4c(cc(OC)cc4OC)CCN2C3=O)cc1",1,131.0,"Ki"
"COc1ccc(C(=O)Nc2nc3ccccc3c(NCc3ccccc3)c2C#N)cc1",0,,
"COc1ccc(C)cc1N",0,,
"COc1ccc(CCC(=O)N2CCOCC2)cc1",0,204000.0,"Kd"
"COc1ccc(CCC(OC(=O)[C@@H]2CCCCN2C(=O)C(c2ccccc2)c2ccccc2)c2cccc(OCC(=O)O)c2)cc1OC",1,273.0,"IC50"
"COc1ccc(CCC(OC(=O)[C@@H]2CCCCN2C(=O)[C@@H](C)c2ccccc2)c2cccc(OCC(=O)O)c2)cc1OC",1,94.0,"IC50"
"COc1ccc(CCC(OC(=O)[C@@H]2CCCCN2C(=O)[C@@H](c2cc(OC)c(OC)c(OC)c2)C(C)C)c2cccc(OCC(=O)O)c2)cc1OC",1,65.0,"IC50"
"COc1ccc(CCC(OC(=O)[C@@H]2CCCCN2C(=O)[C@@H](c2ccccc2)C2CCCCC2)c2cccc(OCC(=O)O)c2)cc1OC",1,12.0,"IC50"
"COc1ccc(CCC(OC(=O)[C@@H]2CCCCN2C(=O)[C@H](C)c2ccccc2)c2cccc(OCC(=O)O)c2)cc1OC",1,590.0,"IC50"
"COc1ccc(CCC(OC(=O)[C@@H]2CCCCN2C(=O)[C@H](c2ccccc2)C(C)C)c2cccc(OCC(=O)O)c2)cc1OC",1,150.0,"IC50"
"COc1ccc(CCCCOC(=O)C2CCCCN2C(=O)C(=O)C(C)(C)C)cc1",1,24.0,"Ki"
"COc1ccc(CCCCOC(=O)C2CCCCN2C(=O)C(=O)C2CCCCC2)cc1",1,103.0,"Ki"
"COc1ccc(CCCCOC(=O)C2CCCCN2C(=O)C(=O)c2cc(OC)c(OC)c(OC)c2)cc1",1,13.0,"Ki"
"COc1ccc(CCCOC(=O)C2CCCCN2C(=O)NC23CC4CC(CC(C4)C2)C3)c(OC)c1",1,12.0,"Ki"
"COc1ccc(CCCOC(=O)C2CCCCN2S(=O)(=O)Cc2ccccc2)cc1",1,92.0,"Ki"
"COc1ccc(CCCOC(=O)C2CCCCN2S(=O)(=O)Cc2ccccc2)cc1OC",1,47.0,"Ki"
"COc1ccc(CCCOC(=O)C2CCCCN2S(=O)(=O)c2ccc(C)cc2)cc1",1,220.0,"Ki"
"COc1ccc(CCCOC(=O)C2CCCCN2S(=O)(=O)c2ccccc2)cc1",1,260.0,"Ki"
"COc1ccc(CCCOC(=O)C2CCCCN2S(=O)(=O)c2ccccc2)cc1OC",1,180.0,"Ki"
"COc1ccc(CCCOC(=O)[C@@H]2CCCN2/C(S)=N/C2CCCCC2)cc1OC",1,86.0,"Ki"
"COc1ccc(CCCOC(=O)[C@@H]2CCCN2S(=O)(=O)Cc2ccccc2)cc1",1,22.0,"Ki"
"COc1ccc(CCOC(=O)[C@@H]2CCCCN2C(=O)C(=O)[C@]2(O)CCCC[C@H]2C)cc1OC",1,2200.0,"IC50"
"COc1ccc(CC[C@@H](NC(=O)[C@@H]2CCCCN2S(=O)(=O)c2ccc3[nH]c(=O)sc3c2)c2cccc(OCC(=O)O)c2)cc1OC",1,1400.0,"IC50"
"COc1ccc(CC[C@@H](OC(=O)[C@@H]2CCCCN2C(=O)C(=O)[C@@]2(O)CCCC[C@@H]2C)c2cccc(OCC(=O)O)c2)cc1OC",1,50.0,"IC50"
"COc1ccc(CC[C@@H](OC(=O)[C@@H]2CCCCN2C(=O)C(=O)[C@]2(O)CCCC[C@H]2C)c2cccc(OCC(=O)O)c2)cc1OC",1,60.0,"IC50, IC50"
"COc1ccc(CC[C@@H](OC(=O)[C@@H]2CCCCN2C(=O)C(=O)c2cc(OC)c(OC)c(OC)c2)c2cccc(OCC(=O)O)c2)cc1OC",1,150.0,"IC50"
"COc1ccc(CC[C@@H](OC(=O)[C@@H]2CCCCN2C(=O)Cc2ccccc2)c2cccc(OCC(=O)O)c2)cc1OC",1,1530.0,"IC50, IC50, IC50"
"COc1ccc(CC[C@@H](OC(=O)[C@@H]2CCCCN2C(=O)[C@@H](C)c2cc(OC)c(OC)c(OC)c2)c2cccc(OCC(=O)O)c2)cc1OC",1,8.2,"IC50"
"COc1ccc(CC[C@@H](OC(=O)[C@@H]2CCCCN2C(=O)[C@H](C)C2CCCCC2)c2cccc(OCC(=O)O)c2)cc1OC",1,6800.0,"Ki"
"COc1ccc(CC[C@@H](OC(=O)[C@@H]2CCCCN2C(=O)[C@H](c2ccccc2)C2CCCCC2)c2cccc(OCC(=O)O)c2)cc1OC",1,900.0,"Ki"
"COc1ccc(CC[C@@H](OC(=O)[C@@H]2CCCCN2S(=O)(=O)c2cc(Br)cc(C(F)(F)F)c2)c2cccc(OCC(=O)O)c2)cc1OC",1,2400.0,"IC50"
"COc1ccc(CC[C@@H](OC(=O)[C@@H]2CCCCN2S(=O)(=O)c2cc(C(F)(F)F)cc(C(F)(F)F)c2)c2cccc(OCC(=O)O)c2)cc1OC",1,5100.0,"IC50"
"COc1ccc(CC[C@@H](OC(=O)[C@@H]2CCCCN2S(=O)(=O)c2cc(Cl)c(NC(C)=O)c(Cl)c2)c2cccc(OCCN3CCOCC3)c2)cc1OC",1,450.0,"IC50"
"COc1ccc(CC[C@@H](OC(=O)[C@@H]2CCCCN2S(=O)(=O)c2cc(Cl)c(O)c(Cl)c2)c2cccc(OCC(=O)O)c2)cc1OC",1,670.0,"IC50"
"COc1ccc(CC[C@@H](OC(=O)[C@@H]2CCCCN2S(=O)(=O)c2cc(Cl)c(O)c(Cl)c2)c2cccc(OCCN3CCOCC3)c2)cc1OC",1,115.0,"IC50"
"COc1ccc(CC[C@@H](OC(=O)[C@@H]2CCCCN2S(=O)(=O)c2cc(Cl)c(OC)c(Cl)c2)c2cccc(OCC(=O)O)c2)cc1OC",1,230.0,"IC50"
"COc1ccc(CC[C@@H](OC(=O)[C@@H]2CCCCN2S(=O)(=O)c2cc(Cl)cc(Cl)c2)c2cccc(OCC(=O)O)c2)cc1OC",1,800.0,"IC50"
"COc1ccc(CC[C@@H](OC(=O)[C@@H]2CCCCN2S(=O)(=O)c2cc(F)cc(F)c2)c2cccc(OCC(=O)O)c2)cc1OC",1,1000.0,"IC50"
"COc1ccc(CC[C@@H](OC(=O)[C@@H]2CCCCN2S(=O)(=O)c2cc(N)c3c(c2)CCO3)c2cccc(OCC(=O)O)c2)cc1OC",1,2570.0,"IC50"
"COc1ccc(CC[C@@H](OC(=O)[C@@H]2CCCCN2S(=O)(=O)c2cc3c(c([N+](=O)[O-])c2)OCC3)c2cccc(OCC(=O)O)c2)cc1OC",1,1500.0,"IC50"
"COc1ccc(CC[C@@H](OC(=O)[C@@H]2CCCCN2S(=O)(=O)c2ccc(-c3ncccn3)cc2)c2cccc(OCC(=O)O)c2)cc1OC",1,1800.0,"IC50"
"COc1ccc(CC[C@@H](OC(=O)[C@@H]2CCCCN2S(=O)(=O)c2ccc3[nH]c(=O)oc3c2)c2cccc(OCC(=O)O)c2)cc1OC",1,750.0,"IC50"
"COc1ccc(CC[C@@H](OC(=O)[C@@H]2CCCCN2S(=O)(=O)c2ccc3[nH]c(=O)sc3c2)c2cccc(OCC(=O)O)c2)cc1OC",1,21.0,"IC50"
"COc1ccc(CC[C@@H](OC(=O)[C@@H]2CCCCN2S(=O)(=O)c2ccc3[nH]c(=O)sc3c2)c2cccc(OCCN3CCOCC3)c2)cc1OC",1,3.0,"IC50"
"COc1ccc(CC[C@@H](OC(=O)[C@@H]2CCCCN2S(=O)(=O)c2ccc3nc(C)sc3c2)c2cccc(OCC(=O)O)c2)cc1OC",1,1200.0,"IC50"
"COc1ccc(CC[C@@H](OC(=O)[C@@H]2CCCCN2S(=O)(=O)c2ccc3ncsc3c2)c2cccc(OCC(=O)O)c2)cc1OC",1,1100.0,"IC50"
"COc1ccc(CC[C@@H](OC(=O)[C@@H]2CCCCN2S(=O)(=O)c2cccc(C#N)c2)c2cccc(OCC(=O)O)c2)cc1OC",1,3800.0,"IC50"
"COc1ccc(CC[C@@H](OC(=O)[C@@H]2CCCCN2S(=O)(=O)c2cccc(Cl)c2)c2cccc(OCC(=O)O)c2)cc1OC",1,1200.0,"IC50"
"COc1ccc(CC[C@@H](OC(=O)[C@@H]2CCCCN2S(=O)(=O)c2cccc(N)c2)c2cccc(OCC(=O)O)c2)cc1OC",1,1900.0,"IC50"
"COc1ccc(CC[C@@H](OC(=O)[C@@H]2CCCCN2S(=O)(=O)c2ccnc(C)n2)c2cccc(OCC(=O)O)c2)cc1OC",1,8100.0,"IC50"
"COc1ccc(CC[C@@H](OC(=O)[C@@H]2CCCCN2S(=O)(=O)c2ccncn2)c2cccc(OCC(=O)O)c2)cc1OC",1,9100.0,"IC50"
"COc1ccc(CC[C@@H](OC(=O)[C@@H]2CCCCN2S(=O)(=O)c2ccoc2)c2cccc(OCC(=O)O)c2)cc1OC",0,10100.0,"IC50"
"COc1ccc(O)c(C(C)(C)C)c1",0,,
"COc1ccc(OCC(=O)N2CCOCC2)cc1",0,357000.0,"Kd"
"COc1ccc(OCCOC(=O)[C@@H]2CCCCN2C(=O)C(=O)[C@]2(O)CCCC[C@H]2C)cc1OC",1,310.0,"IC50"
"COc1ccc(OCCOC(=O)[C@@H]2CCCCN2S(=O)(=O)c2ccc3ncsc3c2)cc1OC",1,200.0,"IC50"
"COc1ccc(S(=O)(=O)N2C(=O)[C@@](c3ccccc3OC)(N3C[C@H](O)C[C@H]3C(=O)N(C)C)c3cc(Cl)ccc32)c(OC)c1",0,,
"COc1ccc(S(=O)(=O)N2CCCC[C@H]2C(=O)O[C@H](CCc2ccc(OC)c(OC)c2)c2cccc(OCC(=O)O)c2)cc1Cl",1,600.0,"IC50"
"COc1ccc([N+](=O)[O-])cc1N",0,,
"COc1ccc2c(c1)CCN1C(=O)C3CCCC(C21)N3C(=O)C(=O)c1cc(OC)c(OC)c(OC)c1",1,143.0,"Ki"
"COc1ccc2c(c1)CCN1C(=O)C3CCCC(C21)N3S(=O)(=O)N1CCCCC1",1,360.0,"Ki"
"COc1ccc2c(c1)CCN1C(=O)C3CCCC(C21)N3S(=O)(=O)N1C[C@H](C)O[C@H](C)C1",1,123.0,"Ki"
"COc1ccc2c(c1)CCN1C(=O)C3CCCC(C21)N3S(=O)(=O)Nc1cc(F)c(F)c(F)c1",1,236.0,"Ki"
"COc1ccc2c(c1)CCN1C(=O)C3CCCC(C21)N3S(=O)(=O)Nc1cc(F)c(F)cc1F",1,590.0,"Ki"
"COc1ccc2c(c1)CCN1C(=O)C3CCCC(C21)N3S(=O)(=O)Nc1cc(OC)c(OC)c(OC)c1",1,640.0,"Ki"
"COc1ccc2c(c1)CCN1C(=O)C3CCCC(C21)N3S(=O)(=O)Nc1ccc(Cl)nc1",1,360.0,"Ki"
"COc1ccc2c(c1)CCN1C(=O)C3CCCC(C21)N3S(=O)(=O)Nc1ccc(F)c(F)c1",1,150.0,"Ki"
"COc1ccc2c(c1)CCN1C(=O)C3CCCC(C21)N3S(=O)(=O)Nc1ccc(F)nc1",1,183.0,"Ki"
"COc1ccc2c(c1)CCN1C(=O)C3CCCC(C21)N3S(=O)(=O)Nc1ccc(N2CCOCC2)nc1",1,591.0,"Ki"
"COc1ccc2c(c1)CCN1C(=O)C3CCCC(C21)N3S(=O)(=O)Nc1ccc(OC)nc1",1,210.0,"Ki"
"COc1ccc2sc(C(=O)Nc3nnn[n-]3)c(OC(C)C)c2c1",0,,
"COc1cccc(-c2ccc(/C=C\CN3CCCCCC3)cc2Cl)c1",0,,
"COc1cccc(C(=O)NN(C(=O)c2cc(C)cc(C)c2)C(C)(C)C)c1C",0,,
"COc1cccc([C@@H](C(=O)N2CCCC[C@H]2C(=O)O[C@H](CCc2ccc(OC)c(OC)c2)c2cccc(OCC(=O)O)c2)C2CCCCC2)c1",1,1200.0,"Ki"
"COc1cccc([C@H](O)C2CCN(CCc3ccc(F)cc3)CC2)c1OC",0,,
"COc1cccc2c1CCN1C(=O)C3CCCC(C21)N3C(=O)C(=O)c1cc(OC)c(OC)c(OC)c1",1,105.0,"Ki"
"COc1cnc(OC)n2nc(NS(=O)(=O)c3c(OCC(F)F)cccc3C(F)(F)F)nc12",0,,
"COc1nc(C)nc(NC(=O)NS(=O)(=O)c2ccccc2CCC(F)(F)F)n1",0,,
"COc1nc(C)nc(NC(=O)NS(=O)(=O)c2ccccc2OCCCl)n1",0,,
"COc1nc(NC(C)C)nc(NC(C)C)n1",0,,
"COc1nn(CSP(=S)(OC)OC)c(=O)s1",0,,
"CS(=O)(=O)NC(=O)c1cc(Oc2ccc(C(F)(F)F)cc2Cl)ccc1[N+](=O)[O-]",0,,
"CS(=O)(=O)OCCCCOS(C)(=O)=O",0,,
"CS(=O)(=O)c1cc(C(F)(F)F)ccc1C(=O)c1cnoc1C1CC1",0,,
"CS(=O)(=O)c1ccc(C(=O)C2C(=O)CCCC2=O)c([N+](=O)[O-])c1",0,,
"CS/C(C)=N/OC(=O)N(C)SN(C)C(=O)O/N=C(\C)SC",0,,
"CSC(=O)c1c(C(F)F)nc(C(F)(F)F)c(C(=O)SC)c1CC(C)C",0,,
"CSC(=O)c1cccc2nnsc12",0,,
"CSC(C)(C)C=NO",0,,
"CSc1ccc(Oc2ccc(S(N)(=O)=O)cc2CN(C)C)cc1C",0,,
"CSc1nc(NC(C)C)nc(NC(C)C)n1",0,,
"C[C@H]1C[C@H](C)/C(=N/O)[C@H]([C@H](O)CC2CC(=O)NC(=O)C2)C1",0,177000.0,"IC50"
"C[C@H]1C[C@H](C)C(=O)[C@H]([C@H](O)CC2CC(=O)N(CC(N)=O)C(=O)C2)C1",0,21600.0,"IC50"
"C[C@H]1C[C@H](C)C(=O)[C@H]([C@H](O)CC2CC(=O)N(Cc3ccc(C#N)cc3)C(=O)C2)C1",0,68200.0,"IC50"
"C[C@H]1C[C@H](C)C(=O)[C@H]([C@H](O)CC2CC(=O)N(Cc3ccccc3)C(=O)C2)C1",0,116700.0,"IC50"
"C[C@H]1C[C@H](C)C(=O)[C@H]([C@H](O)CC2CC(=O)NC(=O)C2)C1",1,3500.0,"Ki, IC50"
"C[C@]12CC[C@H]3[C@@H](CCC4=CC(=O)CC[C@@]43C)[C@@H]1CCC2=O",0,,
"C[C@]12C[C@H](O)[C@@]3(F)[C@@H](CCC4=CC(=O)C=C[C@@]43C)[C@@H]1C[C@@H](O)[C@]2(O)C(=O)CO",0,,
"C[N+](C)(C)CC1CO1",0,,
"C[N+]1(C)CCCCC1",0,,
"C[Si](Cn1cncn1)(c1ccc(F)cc1)c1ccc(F)cc1",0,,
"C[Si]1(C)O[Si](C)(C)O[Si](C)(C)O[Si](C)(C)O1",0,,
"Cc1[nH]c(=O)n(C(C)(C)C)c(=O)c1Cl",0,,
"Cc1c(-c2cccnc2)c2ccccc2n1CCCCC(=O)O",0,,
"Cc1c(C(=O)O)c(O)cc2c1C(=O)c1c(O)c([C@@H]3O[C@H](CO)[C@@H](O)[C@H](O)[C@H]3O)c(O)c(O)c1C2=O",0,,
"Cc1c(F)c(F)c(COC(=O)C2C(/C=C(\Cl)C(F)(F)F)C2(C)C)c(F)c1F",0,,
"Cc1c([N+](=O)[O-])cccc1[N+](=O)[O-]",0,,
"Cc1c2ccccc2c(C)c2c1ccc1ccccc12",0,,
"Cc1cc(-c2ccc(N)c(C)c2)ccc1N",0,,
"Cc1cc(C)c(O)c(C)c1",0,,
"Cc1cc(C)cc(C)c1",0,,
"Cc1cc(C)nc(NC(=O)NS(=O)(=O)c2ccccc2C(=O)OC2COC2)n1",0,,
"Cc1cc(C)nc(Nc2ccccc2)n1",0,,
"Cc1cc(C2CC2)nc(Nc2ccccc2)n1",0,,
"Cc1cc(Cl)ccc1OCC(=O)O",0,,
"Cc1cc(N=Nc2ccccc2C)ccc1N",0,,
"Cc1cc(NC(=O)C(=O)O)cc(C)c1Oc1ccc(O)c2c1CCC2",0,,
"Cc1cc(O)ccc1Cl",0,,
"Cc1cc(OCC(=O)N2CCOCC2)cc(C)c1Cl",0,231000.0,"Kd"
"Cc1cc(S(=O)(=O)Nc2cccc(C(F)(F)F)c2)ccc1OCC(=O)N1CCOCC1",0,576000.0,"Kd"
"Cc1cc(SC2=C(O)C[C@@](CCc3ccc(N)cc3)(C(C)C)OC2=O)c(C(C)(C)C)cc1CO",0,,
"Cc1cc([N+](=O)[O-])cc([N+](=O)[O-])c1O",0,,
"Cc1cc2c3c(c1)C(c1ccccc1)=N[C@@H](NC(=O)c1ccncc1)C(=O)N3CC2",0,,
"Cc1ccc(-c2ccc(OCC(=O)N3CCOCC3)cc2)cc1",0,755000.0,"Kd"
"Cc1ccc(/N=C/N(C)/C=N/c2ccc(C)cc2C)c(C)c1",0,,
"Cc1ccc(C(C)C)c(O)c1",0,,
"Cc1ccc(C(C)C)cc1",0,,
"Cc1ccc(C)c(C)c1",0,,
"Cc1ccc(C)c(O)c1C",0,,
"Cc1ccc(Cl)cc1",0,,
"Cc1ccc(N(C)C)cc1",0,,
"Cc1ccc(N)c(N)c1",0,,
"Cc1ccc(N)cc1N",0,,
"Cc1ccc(N)cc1O",0,,
"Cc1ccc(NS(=O)(=O)N2CCCCC2)cc1",0,289000.0,"Kd"
"Cc1ccc(NS(=O)(=O)N2CCCCC2)cc1Cl",0,135000.0,"Kd"
"Cc1ccc(O)c(C)c1",0,,
"Cc1ccc(OCC(=O)N2CCOCC2)cc1C",0,231000.0,"Kd"
"Cc1ccc(S(=O)(=O)N2CCCC2C(=O)NCCCc2ccccc2)cc1",1,7600.0,"Ki"
"Cc1ccc(S(=O)(=O)N2CCCCC2C(=O)OCCCc2ccc(Cl)cc2)cc1",1,4400.0,"Ki"
"Cc1ccc(S(=O)(=O)NC(=O)NN2CCCCCC2)cc1",0,,
"Cc1ccc(SCC(=O)N2CCOCC2)cc1",0,15000.0,"Kd"
"Cc1ccc([N+](=O)[O-])cc1C",0,,
"Cc1ccc([N+](=O)[O-])cc1N",0,,
"Cc1ccc2ncccc2c1",0,,
"Cc1cccc(C)c1O",0,,
"Cc1cccc(N)c1",0,,
"Cc1cccc(N)c1N",0,,
"Cc1cccc(Nc2cc(Cl)nc(SCC(=O)O)n2)c1C",0,,
"Cc1cccc([N+](=O)[O-])c1",0,,
"Cc1cccc([N+](=O)[O-])c1C",0,,
"Cc1cccc([N+](=O)[O-])c1[N+](=O)[O-]",0,,
"Cc1cccc2ccccc12",0,,
"Cc1ccccc1N",0,,
"Cc1ccccc1O",0,,
"Cc1ccccc1[N+](=O)[O-]",0,,
"Cc1ccn2nc(S(=O)(=O)Nc3c(F)cccc3F)nc2n1",0,,
"Cc1cn([C@H]2C=C[C@@H](CO)O2)c(=O)[nH]c1=O",0,,
"Cc1cnc(C2=NC(=O)C(C)(C(C)C)N2)c(C(=O)O)c1",0,,
"Cc1nc(-c2ccc3c(c2)CCN(CCC2CCC(NC(=O)/C=C/c4ccc(F)cc4)CC2)CC3)no1",0,,
"Cc1nc(-c2ccccn2)ncc1C(=O)Nn1cc(C)c2cc(F)ccc21",0,,
"Cc1nc(C)nc(N2C[C@H](C)N(c3ccnc([C@@H](C)O)n3)[C@H](C)C2)n1",0,,
"Cc1nc(N(C)C)nc(OC(=O)N(C)C)c1C",0,,
"Cc1ncc(CO)c(CO)c1O",0,,
"Cc1nccn1-c1ccc(Sc2cccc(C3(C(N)=O)CCOCC3)c2)cc1",0,,
"Cc1nnc(SCC2=NOCC2)n1-c1ccccc1",0,39000.0,"Kd"
"Cc1oc(-c2ccccc2)nc1CCOc1ccc(C[C@H](Nc2ccccc2C(=O)c2ccccc2)C(=O)O)cc1",0,,
"Cc1oc(-c2ccccc2)nc1CCOc1cccc2c1ccn2CCC(=O)O",0,,
"Cc1occc(=O)c1O",0,,
"ClC(Cl)(Cl)c1ccccc1",0,,
"ClC(Cl)=C(c1ccc(Cl)cc1)c1ccc(Cl)cc1",0,,
"ClC(Cl)c1ccccc1",0,,
"ClC1=C(Cl)C2(Cl)C3C(Cl)C(Cl)CC3C1(Cl)C2(Cl)Cl",0,,
"ClC1=C(Cl)C2(Cl)C3C(Cl)C=CC3C1(Cl)C2(Cl)Cl",0,,
"ClCCOCCCl",0,,
"Cl[C@H]1[C@H](Cl)[C@@H](Cl)[C@@H](Cl)[C@H](Cl)[C@H]1Cl",0,,
"Cl[C@H]1[C@H](Cl)[C@@H](Cl)[C@H](Cl)[C@@H](Cl)[C@@H]1Cl",0,,
"Clc1cc(Cl)c(Cl)cc1Cl",0,,
"Clc1cc(Cl)c2c(c1)N=C1CCCCCN1C2",0,,
"Clc1ccc(C(Cl)(Cl)Cl)cc1",0,,
"Clc1ccc(C(c2ccc(Cl)cc2)C(Cl)(Cl)Cl)cc1",0,,
"Clc1ccc(C(c2ccc(Cl)cc2)C(Cl)Cl)cc1",0,,
"Clc1ccc(Cl)c(Cl)c1",0,,
"Clc1ccc(Cl)cc1",0,,
"Clc1cccc(Cl)c1",0,,
"Clc1cccc(Cl)c1Cl",0,,
"Clc1ccccc1C(c1ccccc1)(c1ccccc1)n1ccnc1",0,,
"Clc1ccccc1Cl",0,,
"Clc1nc(Cl)c(Cl)c(Cl)c1Cl",0,,
"Cn1c(=O)c2[nH]cnc2n(C)c1=O",0,,
"Cn1cc[nH]c1=S",0,,
"Cn1cnc2c1c(=O)[nH]c(=O)n2C",0,,
"Cn1sc(Cl)cc1=O",0,,
"FC(F)(F)C(F)(F)C(F)(F)C(F)(F)C(F)(F)C(F)(F)CCI",0,,
"FC(F)C(F)(F)OCC(Cn1cncn1)c1ccc(Cl)cc1Cl",0,,
"Fc1ccc(Oc2ccnc3cc(Cl)cc(Cl)c23)cc1",0,,
"N#CC(CCc1ccc(Cl)cc1)(Cn1cncn1)c1ccccc1",0,,
"N#CCCCCC#N",0,,
"N#CN",0,,
"N#C[C@@H]1CC(F)(F)CN1C(=O)CNC1CC2CCC(C1)N2c1ncccn1",0,,
"N#Cc1c(Cl)c(Cl)c(Cl)c(C#N)c1Cl",0,,
"N#Cc1c(Cl)cccc1Cl",0,,
"N#Cc1c[nH]cc1-c1cccc2c1OC(F)(F)O2",0,,
"N#Cc1ccc(N(CC(N)=O)CC(F)(F)F)cc1C(F)(F)F",0,,
"N#Cc1cccnc1",0,,
"N#Cc1nn(-c2c(Cl)cc(C(F)(F)F)cc2Cl)c(N)c1S(=O)C(F)(F)F",0,,
"N=C(N)c1ccc(OCCCCCOc2ccc(C(=N)N)cc2)cc1.O=S(=O)(O)CCO.O=S(=O)(O)CCO",0,,
"N=C(Nc1ccccc1)Nc1ccccc1",0,,
"NC(=O)Cn1c(=O)cc(CCN2CCN(c3nccc4sccc34)CC2)c2ccc(F)cc21",0,,
"NC(=O)N(O)[C@@H]1C=C[C@H](Oc2cccc(Oc3ccc(F)cc3)c2)C1",0,,
"NC(=O)N(O)[C@@H]1COc2cc(OCc3ccccc3)ccc21",0,,
"NC(=O)N/N=C/c1ccc([N+](=O)[O-])o1",0,,
"NC(=O)N1c2ccccc2C=Cc2ccccc21",0,,
"NC(=O)c1nc(-c2cccc(-c3cc(F)ccc3OCC(F)(F)C(F)(F)F)c2)n[n-]1",0,,
"NC(N)=O",0,,
"NC1CCCCC1",0,,
"NCCO",0,,
"NCCO.O=C(O)c1nc(Cl)ccc1Cl",0,,
"NNC(=O)c1ccncc1",0,,
"NS(=O)(=O)C(F)(F)C(F)(F)C(F)(F)C(F)(F)C(F)(F)C(F)(F)C(F)(F)C(F)(F)F",0,,
"NS(=O)(=O)c1cc2c(cc1Cl)NCNS2(=O)=O",0,,
"Nc1c(Cl)c(Cl)nc(C(=O)O)c1Cl",0,,
"Nc1c(Cl)cc([N+](=O)[O-])cc1Cl",0,,
"Nc1cc(Cl)cc(C(=O)O)c1Cl",0,,
"Nc1cc2c3c(c1)C(c1ccccc1)=N[C@@H](NC(=O)c1cccnc1)C(=O)N3CC2",0,,
"Nc1ccc(-c2ccc(N)cc2)cc1",0,,
"Nc1ccc(/N=N/c2ccccc2)cc1",0,,
"Nc1ccc(C(=O)O)cc1",0,,
"Nc1ccc(Cc2ccc(N)cc2)cc1",0,,
"Nc1ccc(Cl)cc1N",0,,
"Nc1ccc(Nc2ccccc2)cc1",0,,
"Nc1ccc2ccccc2c1",0,,
"Nc1cccc(S(=O)(=O)N2CCCCC2C(=O)OCCCc2cccnc2)c1",1,320.0,"IC50"
"Nc1cccc2c(N)cccc12",0,,
"Nc1ccccc1N",0,,
"Nc1ccn([C@@H]2O[C@H](CO)[C@@H](O)[C@@H]2O)c(=O)n1",0,,
"Nc1cnn(-c2ccccc2)c(=O)c1Cl",0,,
"Nc1nc(-c2nc3ccccc3[nH]2)cs1",0,98000.0,"Kd"
"Nc1nc(N)c2nc(CNc3ccc(C(=O)N[C@@H](CCC(=O)O)C(=O)O)cc3)cnc2n1",0,,
"Nc1nc(N)nc(NC2CC2)n1",0,,
"Nc1nc2nc[nH]c2c(=S)[nH]1",0,,
"Nn1cnnc1",0,,
"O=C(C(=O)N1CCCC1C(=O)OCCCc1ccccc1)C1CCCCC1",1,82.0,"Ki"
"O=C(C(=O)N1CCCC1C(=O)OCCCc1cccnc1)C1CCCCC1",1,9.0,"Ki"
"O=C(C(=O)N1CCCCC1C(=O)OC(CCCc1ccccc1)CCCc1ccccn1)c1ccccc1",1,50.0,"Ki"
"O=C(C(=O)N1CCCCC1C(=O)OCCCC1CCCCC1)C1CCCCC1",1,760.0,"Ki"
"O=C(C(=O)N1CCCCC1C(=O)OCCCc1cccnc1)c1ccccc1",1,725.0,"Ki"
"O=C(CCCN1CCC(O)(c2ccc(Cl)cc2)CC1)c1ccc(F)cc1",0,,
"O=C(CCc1ccccc1)N1CCOCC1",0,578000.0,"Kd"
"O=C(COc1cc(Cl)c(Cl)cc1Cl)N1CCOCC1",0,450000.0,"Kd"
"O=C(COc1ccc(F)cc1)N1CCOCC1",0,576000.0,"Kd"
"O=C(COc1ccc(S(=O)(=O)NC2CCCC2)cc1)N1CCOCC1",0,755000.0,"Kd"
"O=C(COc1cccc(Cl)c1)N1CCOCC1",0,755000.0,"Kd"
"O=C(COc1ccccc1F)N1CCOCC1",0,357000.0,"Kd"
"O=C(CSc1ccc(Cl)cc1)N1CCOCC1",0,15000.0,"Kd"
"O=C(NC(=O)c1c(F)cccc1F)Nc1cc(Cl)c(OC(F)(F)C(F)F)c(Cl)c1",0,,
"O=C(NC(=O)c1c(F)cccc1F)Nc1ccc(OC(F)(F)C(F)OC(F)(F)F)c(Cl)c1",0,,
"O=C(NC(=O)c1cc(F)c(F)cc1Cl)Nc1cc(F)ccc1N1CCC(C(=O)O)CC1",0,,
"O=C(NCCCCc1ccccc1)[C@@H]1CCCCN1C(=O)NCc1ccccc1",1,1600.0,"Ki"
"O=C(NCCCc1ccccc1)C1CCCCN1S(=O)(=O)/C=C/c1ccccc1",1,1100.0,"Ki"
"O=C(NCCCc1ccccc1)C1CCCCN1S(=O)(=O)Cc1ccccc1",1,2200.0,"Ki"
"O=C(NCCCc1ccccc1)C1CCCN1S(=O)(=O)/C=C/c1ccccc1",1,1300.0,"Ki"
"O=C(NCCCc1ccccc1)C1CCCN1S(=O)(=O)CCc1ccccc1",0,13000.0,"Ki"
"O=C(NCCCc1ccccc1)[C@@H]1CCCN1C(=O)NCc1ccccc1",1,4200.0,"Ki"
"O=C(NCCc1ccccc1)C1CCCCN1S(=O)(=O)/C=C/c1ccccc1",1,2400.0,"Ki"
"O=C(NCCc1ccccc1)C1CCCCN1S(=O)(=O)c1ccccc1",1,1500.0,"Ki"
"O=C(NCCc1ccccc1)C1CCCN1S(=O)(=O)/C=C/c1ccccc1",0,22000.0,"Ki"
"O=C(NCCc1ccccc1)C1CCCN1S(=O)(=O)CCc1ccccc1",0,32000.0,"Ki"
"O=C(NCc1ccccc1)C1CCCCN1S(=O)(=O)/C=C/c1ccccc1",1,3900.0,"Ki"
"O=C(NCc1ccccc1)C1CCCCN1S(=O)(=O)c1ccccc1",1,2500.0,"Ki"
"O=C(NCc1ccccc1)C1CCCN1C(=O)Nc1ccccc1",0,33000.0,"Ki"
"O=C(NCc1ccccc1)C1CCCN1S(=O)(=O)CCc1ccccc1",0,22000.0,"Ki"
"O=C(NO)C1(NS(=O)(=O)c2ccc(Oc3ccc(F)cc3)cc2)CCOCC1",0,,
"O=C(N[C@@H](Cc1ccccc1)[C@@H](O)C(=O)N1C[C@H](O)[C@H](O)C1)c1cc2cc(Cl)ccc2[nH]1",0,,
"O=C(N[C@@H](c1ccccc1)[C@@H]1CCCCN1)c1cccc(C(F)(F)F)c1Cl",0,,
"O=C(N[C@H](c1ccccc1)[C@@H]1CN2CCC1CC2)c1c(Cl)ccc(C(F)(F)F)c1Cl",0,,
"O=C(N[C@H]1CN2CCC1CC2)c1cc2ccoc2cn1",0,,
"O=C(Nc1ccc([N+](=O)[O-])cc1Cl)c1cc(Cl)ccc1O",0,,
"O=C(Nc1ccc2[nH]ccc2c1)c1cc2cc(F)ccc2n1Cc1cccc(F)c1",0,,
"O=C(Nc1ccccc1)Nc1ccnc(Cl)c1",0,,
"O=C(Nc1ccccc1)c1ccccc1I",0,,
"O=C(Nc1ccccc1-c1ccc(Cl)cc1)c1cccnc1Cl",0,,
"O=C(O)C(Cl)(Cl)Cl",0,,
"O=C(O)C(Cl)Cl",0,,
"O=C(O)C(F)(F)C(F)(F)C(F)(F)C(F)(F)C(F)(F)C(F)(F)C(F)(F)C(F)(F)C(F)(F)C(F)(F)F",0,,
"O=C(O)C(F)(F)C(F)(F)C(F)(F)C(F)(F)C(F)(F)C(F)(F)C(F)(F)C(F)(F)C(F)(F)F",0,,
"O=C(O)C(F)(F)C(F)(F)C(F)(F)C(F)(F)C(F)(F)C(F)(F)C(F)(F)C(F)(F)F",0,,
"O=C(O)C(F)(F)C(F)(F)C(F)(F)C(F)(F)C(F)(F)C(F)(F)F",0,,
"O=C(O)C1(C(=O)Nc2ccc(Cl)cc2Cl)CC1",0,,
"O=C(O)C1(c2ccc3c(c2)OC[C@H](Cc2ccc(-c4ccccc4)cc2)[C@H]3O)CCCC1",0,,
"O=C(O)C1C2CCC(O2)C1C(=O)O",0,,
"O=C(O)CC(O)(CC(=O)O)C(=O)O",0,,
"O=C(O)CCCCC(=O)O",0,,
"O=C(O)CCN(C1(C(=O)NO)CCCC1)S(=O)(=O)c1ccc(Oc2ccc(F)cc2)cc1",0,,
"O=C(O)CN(CC(=O)O)CC(=O)O",0,,
"O=C(O)Cn1c(=O)n(Cc2ccc(Br)cc2F)c(=O)c2ccc(Cl)cc21",0,,
"O=C(O)[C@H](O)[C@@H](O)C(=O)O",0,,
"O=C(O)c1cc(C(F)(F)F)ccc1SCC(=O)N1CCOCC1",0,453000.0,"Kd"
"O=C(O)c1ccc([N+](=O)[O-])cc1",0,,
"O=C(O)c1cccc(C(=O)O)c1",0,,
"O=C(O)c1cccc(Oc2ccccc2)c1",0,,
"O=C(O)c1ccccc1",0,,
"O=C(OC(CCCc1ccccc1)CCCc1ccccc1)[C@@H]1CCCCN1C(=O)N[C@@H](COP(=O)(O)O)Cc1ccccc1",0,137000.0,"Ki"
"O=C(OCCCCCCOC(=O)c1ccccc1)c1ccccc1",0,,
"O=C(OCCCCCOC(=O)c1ccccc1)c1ccccc1",0,,
"O=C(OCCCCc1ccccc1)C1CCCCN1S(=O)(=O)Cc1ccccc1",1,34.0,"Ki"
"O=C(OCCCCc1ccccc1)C1CCCCN1S(=O)(=O)c1ccccc1",1,470.0,"Ki"
"O=C(OCCCCc1ccccc1)[C@@H]1CCCN1C(=O)NC12C[C@H]3C[C@@H](C1)C[C@@H](C2)C3",1,470.0,"Ki"
"O=C(OCCCCc1ccccc1)[C@@H]1CCCN1C(=S)NC12C[C@H]3C[C@@H](C1)C[C@@H](C2)C3",1,7200.0,"Ki"
"O=C(OCCCc1ccc(Br)cc1)C1CCCCN1S(=O)(=O)Cc1ccccc1",1,2700.0,"Ki"
"O=C(OCCCc1ccc(Br)cc1)C1CCCCN1S(=O)(=O)c1ccccc1",1,8000.0,"Ki"
"O=C(OCCCc1ccc(Br)cc1)[C@@H]1CCCN1C(=O)NC12C[C@H]3C[C@@H](C1)C[C@@H](C2)C3",1,3100.0,"Ki"
"O=C(OCCCc1ccc(Cl)cc1)C1CCCCN1S(=O)(=O)Cc1ccccc1",1,420.0,"Ki"
"O=C(OCCCc1ccc(Cl)cc1)C1CCCCN1S(=O)(=O)c1ccccc1",1,3800.0,"Ki"
"O=C(OCCCc1ccc(Cl)cc1)[C@@H]1CCCN1C(=S)NC12C[C@H]3C[C@@H](C1)C[C@@H](C2)C3",1,1500.0,"Ki"
"O=C(OCCCc1ccc(F)cc1)C1CCCCN1S(=O)(=O)Cc1ccccc1",1,320.0,"Ki"
"O=C(OCCCc1ccc(F)cc1)C1CCCCN1S(=O)(=O)c1ccccc1",1,740.0,"Ki"
"O=C(OCCCc1ccc(F)cc1)[C@@H]1CCCN1C(=O)NC12C[C@H]3C[C@@H](C1)C[C@@H](C2)C3",1,1200.0,"Ki"
"O=C(OCCCc1ccccc1)[C@@H]1CCCN1C(=O)NC12C[C@H]3C[C@@H](C1)C[C@@H](C2)C3",1,1000.0,"Ki"
"O=C(OCCCc1cccnc1)C1CCCCN1S(=O)(=O)c1cccc([N+](=O)[O-])c1",1,150.0,"IC50"
"O=C(OCCCc1cccnc1)C1CCCN1C(=O)NC1CCCCC1",1,1482.0,"Ki"
"O=C(OCCCc1cccnc1)C1CCCN1C(=S)NC1C2CC3CC(C2)CC1C3",1,116.0,"Ki"
"O=C(OCCCc1cccnc1)C1CCCN1C(=S)NC1CCCCC1",1,131.0,"Ki"
"O=C(OCCCc1cccnc1)C1CCCN1S(=O)(=O)Cc1ccccc1",1,72.0,"Ki"
"O=C(OCCc1ccccc1)[C@@H]1CCCN1C(=O)NC12C[C@H]3C[C@@H](C1)C[C@@H](C2)C3",1,1300.0,"Ki"
"O=C(OCCc1ccccc1)[C@@H]1CCCN1C(=O)Nc1ccccc1",1,1300.0,"Ki"
"O=C(OCCc1ccccc1)[C@@H]1CCCN1C(=S)NC12C[C@H]3C[C@@H](C1)C[C@@H](C2)C3",0,47000.0,"Ki"
"O=C(OCc1ccccc1)[C@@H]1CCCCN1C(=O)NCc1ccccc1",1,6500.0,"Ki"
"O=C(OCc1ccccc1)[C@@H]1CCCN1C(=O)Nc1ccccc1",0,24000.0,"Ki"
"O=C(OCc1ccccc1)[C@@H]1CCCN1C(=S)NC12C[C@H]3C[C@@H](C1)C[C@@H](C2)C3",0,18000.0,"Ki"
"O=C(OCc1ccccc1)[C@@H]1CCC[C@H]2CCN(Cc3ccccc3)C(=O)N21",0,14000.0,"Ki"
"O=C(Oc1ccc(Br)cc1)N1CCN2CCC1CC2",0,,
"O=C(Oc1ccccc1)c1cccc(C(=O)Oc2ccccc2)c1",0,,
"O=C([O-])C(F)(F)C(F)(F)C(F)(F)C(F)(F)C(F)(F)C(F)(F)C(F)(F)F",0,,
"O=C(c1ccccc1)c1ccccc1",0,,
"O=C1C2CC=CCC2C(=O)N1SC(Cl)(Cl)C(Cl)Cl",0,,
"O=C1C2CC=CCC2C(=O)N1SC(Cl)(Cl)Cl",0,,
"O=C1CCC(N2C(=O)c3ccccc3C2=O)C(=O)N1",0,,
"O=C1CCCO1",0,,
"O=C1NC(=O)C(c2ccccc2)(c2ccccc2)N1",0,,
"O=C1OC(=O)C2C3C=CC(C3)C12",0,,
"O=C1OC(c2ccc(O)cc2)(c2ccc(O)cc2)c2ccccc21",0,,
"O=C1O[C@H]([C@@H](O)CO)C([O-])=C1O",0,,
"O=C1O[C@H]([C@H](O)CO)C([O-])=C1O",0,,
"O=C1c2ccccc2C(=O)N1SC(Cl)(Cl)Cl",0,,
"O=Cc1ccccc1C=O",0,,
"O=Cc1ccco1",0,,
"O=NN(c1ccccc1)c1ccccc1",0,,
"O=P(O)(O)CCCl",0,,
"O=P(OC(CCl)CCl)(OC(CCl)CCl)OC(CCl)CCl",0,,
"O=P(OCCCl)(OCCCl)OCCCl",0,,
"O=P1(N(CCCl)CCCl)NCCCO1",0,,
"O=S(=O)(Nc1cc(Cl)cc(Cl)c1)N1CCCCC1",0,155000.0,"Kd"
"O=S(=O)(Nc1ccc(F)cc1)N1CCCCC1",0,319000.0,"Kd"
"O=S(=O)(O)C(F)(F)C(F)(F)C(F)(F)C(F)(F)C(F)(F)C(F)(F)C(F)(F)C(F)(F)F",0,,
"O=S(=O)([O-])C(F)(F)C(F)(F)C(F)(F)C(F)(F)C(F)(F)C(F)(F)C(F)(F)C(F)(F)F",0,,
"O=S(=O)([O-])C(F)(F)C(F)(F)C(F)(F)C(F)(F)C(F)(F)C(F)(F)F",0,,
"O=S(=O)([O-])C(F)(F)C(F)(F)C(F)(F)C(F)(F)F",0,,
"O=S(=O)([O-])c1ccc(/N=N/c2c(O)ccc3cc(S(=O)(=O)[O-])ccc23)cc1",0,,
"O=S1(=O)CCCO1",0,,
"O=[N+]([O-])/N=C1\NCCN1Cc1ccc(Cl)nc1",0,,
"O=[N+]([O-])C(Br)(CO)CO",0,,
"O=[N+]([O-])c1c(Cl)c(Cl)c(Cl)c(Cl)c1Cl",0,,
"O=[N+]([O-])c1ccc(Cl)c(Cl)c1",0,,
"O=[N+]([O-])c1ccc(Cl)cc1",0,,
"O=[N+]([O-])c1ccc(NS(=O)(=O)N2CCCCC2)cc1",0,167000.0,"Kd"
"O=[N+]([O-])c1ccc(O)cc1",0,,
"O=[N+]([O-])c1ccc([O-])cc1",0,,
"O=[N+]([O-])c1cccc([N+](=O)[O-])c1",0,,
"O=[N+]([O-])c1ccccc1",0,,
"O=c1[nH]c2ccc(S(=O)CCN3CCC(Cc4ccc(F)cc4)CC3)cc2o1",0,,
"O=c1[nH]cc(F)c(=O)[nH]1",0,,
"O=c1[nH]cnc2c1ncn2[C@H]1CC[C@@H](CO)O1",0,,
"O=c1[nH]sc2ccccc12",0,,
"O=c1c(-c2ccc(O)cc2)coc2cc(O)cc(O)c12",0,,
"O=c1ccc2ccccc2o1",0,,
"O=c1n(CC2CO2)c(=O)n(CC2CO2)c(=O)n1CC1CO1",0,,
"O=c1n(Cl)c(=O)n(Cl)c(=O)n1Cl",0,,
"OB(O)O",0,,
"OC(CCl)CCl",0,,
"OC(Cn1cncn1)(Cn1cncn1)c1ccc(F)cc1F",0,,
"OC(c1ccc(Cl)cc1)(c1cncnc1)c1ccccc1Cl",0,,
"OC12N=C(c3ccccc3)SC1Cc1cc(Cl)ccc12",0,,
"OCC(CO)(CBr)CBr",0,,
"OCC(CO)n1cnc(-c2ccc(F)cc2)c1-c1ccnc(Oc2ccccc2)n1",0,,
"OCC(O)CO",0,,
"OCCC(F)(F)C(F)(F)C(F)(F)C(F)(F)C(F)(F)C(F)(F)C(F)(F)C(F)(F)F",0,,
"OCCCl",0,,
"OCCNCCO",0,,
"OCCO",0,,
"OCCOCCO",0,,
"OCCOCCOCCO",0,,
"OCCOc1ccccc1",0,,
"OC[C@@H](O)[C@@H](O)[C@H](O)[C@H](O)CO",0,,
"OC[C@H]1O[C@H](O[C@]2(CO)O[C@H](CO)[C@@H](O)[C@@H]2O)[C@H](O)[C@@H](O)[C@@H]1O",0,,
"OCc1ccccc1",0,,
"O[Sn](c1ccccc1)(c1ccccc1)c1ccccc1",0,,
"Oc1c(Cl)c(Cl)c(Cl)c(Cl)c1Cl",0,,
"Oc1c(Cl)cc(Cl)cc1Cl",0,,
"Oc1cc(Cl)c(Cl)cc1Cl",0,,
"Oc1cc(Cl)ccc1Oc1ccc(Cl)cc1Cl",0,,
"Oc1cc2ccccc2c2ccccc12",0,,
"Oc1ccc(C(c2ccc(O)cc2)C(Cl)(Cl)Cl)cc1",0,,
"Oc1ccc(Cl)cc1Cl",0,,
"Oc1ccc(O)cc1",0,,
"Oc1ccc2ccc3cccc4ccc1c2c34",0,,
"Oc1ccc2ccccc2c1/N=N/c1ccccc1",0,,
"Oc1cccc(O)c1",0,,
"Oc1cccc2cccnc12",0,,
"Oc1ccccc1",0,,
"Oc1ccccc1O",0,,
"S=C([S-])NCCNC(=S)[S-].S=C([S-])NCCNC(=S)[S-].[Mn+2].[Zn+2]",0,,
"S=C([S-])NCCNC(=S)[S-].[Mn+2]",0,,
"Sc1nc2ccccc2s1",0,,
"[Hg+2]",0,,
"c1cc(-c2ccncc2)ccn1",0,,
"c1cc2c3c(cccc3c1)CC2",0,,
"c1ccc(-c2ccccc2)cc1",0,,
"c1ccc(C(O[C@@H]2CCCN(CCc3ccc4c(c3)OCO4)C2)c2ccccc2)cc1",0,,
"c1ccc(N=Nc2ccccc2)cc1",0,,
"c1ccc(NNc2ccccc2)cc1",0,,
"c1ccc(Nc2ccccc2)cc1",0,,
"c1ccc(OP(Oc2ccccc2)Oc2ccccc2)cc1",0,,
"c1ccc2[nH]c(-c3cscn3)nc2c1",0,60000.0,"Kd"
"c1ccc2c(c1)-c1cccc3c1c-2cc1ccccc13",0,,
"c1ccc2c(c1)-c1cccc3cccc-2c13",0,,
"c1ccc2c(c1)Cc1ccccc1-2",0,,
"c1ccc2c(c1)ccc1ccccc12",0,,
"c1ccc2c(c1)oc1ccccc12",0,,
"c1ccc2cc3c(ccc4ccccc43)cc2c1",0,,
"c1ccc2cc3ccccc3cc2c1",0,,
"c1ccc2ncccc2c1",0,,
"c1ccc2occc2c1",0,,
"c1nc[nH]n1",0,,
